Customer-CustomerID ,Customer-CustomerName ,Customer-CustomerType ,Customer-SalesRepNumber 
100,Simon's VTrack Mobile POD,,2
10000,"Simon's Industrial Supply, Virtual",,2
10001,118 WOOSTER STREET,BUILDING,6
10002,29 WEST 15TH STREET,BUILDING,6
10003,36 WEST 15TH STREET,BUILDING,6
10004,42 WEST 15TH STREET,BUILDING,6
10005,"Simon's Industrial Supply, AutoRegTemplate",,2
10006,THE E. F CALDWELL & CO BUILDING,BUILDING,6
10007,VISITING SUPERINTENDANTS INC.,BUILDING,6
10008,"277 PARK AVENUE, LLC",BUILDING,8
10009,"28 EAST 73RD STREET CO., LLC",BUILDING,6
10010,"340 EAST 57TH STREET ASSOC., LLC",BUILDING,6
10011,"35 WEST 45TH STREET ASSOCIATES, LLC",BUILDING,24
10012,"736 WEST END AVENUE ASSOC., LLC",BUILDING,2
10013,"903 PARK AVENUE ASSOC., LLC",BUILDING,2
10014,"STAHL AND STAHL, LLC",BUILDING,2
10015,"STAHL BROADWAY CO., LLC",BUILDING,1
10016,100 CONGRESS STREET,BUILDING,6
10017,123 BAXTER STREET,BUILDING,24
10018,31 WEST 31ST STREET,BUILDING,6
10019,451 BROOME STREET,BUILDING,6
10020,49 WEST 72ND STREET,BUILDING,6
10021,534 HUDSON STREET,BUILDING,6
10022,HENRY STREET CONDOMINIUMS,BUILDING,6
10023,IKON,BUILDING,6
10024,THE ELLIOT,BUILDING,6
10025,THE JOHN MURRAY HOUSE,BUILDING,6
10026,125 EAST 84TH STREET,BUILDING,6
10027,160 EAST 3RD STREET,BUILDING,6
10028,275 CLINTON AVENUE,BUILDING,26
10029,145 EAST 84TH STREET,BUILDING,21
10030,181 HUDSON STREET,BUILDING,21
10031,300 WEST END AVENUE,BUILDING,1
10032,320 WEST END AVENUE,BUILDING,21
10033,325 WEST END AVENUE,BUILDING,21
10034,"363 GOWANUS DEVELOPERS, LLC.",BUILDING,27
10035,417 RIVERSIDE DRIVE,BUILDING,21
10036,468 RIVERSIDE DRIVE,BUILDING,21
10037,FIFTH AVE ARCADE,BUILDING,21
10038,MANCHESTER HOUSE,BUILDING,21
10039,SAXON TOWERS,BUILDING,21
10040,THE ABBEY,BUILDING,21
10041,THE CONTINENTAL - TOWER 111,BUILDING,21
10042,THE CORNICHE,BUILDING,21
10043,THE HAMILTON,BUILDING,21
10044,THE SHERIDAN,BUILDING,21
10045,THE SILVER STAR,BUILDING,21
10046,THE TOULAINE,BUILDING,6
10047,THE VERDI,BUILDING,6
10048,THE WESTERLY,BUILDING,21
10049,TOWER 31,BUILDING,21
10050,WAVERLY MEWS,BUILDING,21
10051,1 EAST 62ND STREET,BUILDING,17
10052,100 FREEDOM PLACE SOUTH,BUILDING,17
10053,100 WEST 18TH STREET CONDOMINIUM,BUILDING,17
10054,1009 PARK AVE,BUILDING,17
10055,101 WEST 87TH STREET,BUILDING,17
10056,106 EAST 85TH STREET,BUILDING,17
10057,110 CENTRAL PARK SOUTH,BUILDING,17
10058,110 EAST 87TH STREET,BUILDING,17
10059,115 EAST 86TH STREET,BUILDING,6
10060,117 EAST 37TH STREET,BUILDING,6
10061,1172 PARK AVENUE,BUILDING,24
10062,135 EAST 39TH STREET,BUILDING,1
10063,137 EAST 66TH STREET,BUILDING,24
10064,15 WEST 24TH STREET,BUILDING,17
10065,155 EAST 49TH STREET,BUILDING,19
10066,174 EAST 74TH STREET,BUILDING,17
10067,195 BOWERY,BUILDING,17
10068,200 WEST END AVENUE,BUILDING,17
10069,210 RIVERSIDE DRIVE,BUILDING,17
10070,222 PARK AVENUE SOUTH,BUILDING,24
10071,230 EAST 73RD STREET,BUILDING,24
10072,242 BROOME STREET,BUILDING,1
10073,246 WEST 17TH STREET,BUILDING,6
10074,255 WEST 90TH STREET,BUILDING,17
10075,269 WEST 72ND STREET,BUILDING,17
10076,279 CENTRAL PARK WEST,BUILDING,6
10077,310 WEST 55TH STREET,BUILDING,17
10078,317 WEST 54TH STREET,BUILDING,17
10079,345 EAST 52ND STREET,BUILDING,6
10080,345 EAST 57TH STREET,BUILDING,17
10081,400 EAST 59TH STREET,BUILDING,24
10082,425 WEST END AVENUE,BUILDING,17
10083,433 WEST 34TH STREET,BUILDING,17
10084,45 EAST 62ND STREET,BUILDING,8
10085,46 WEST 83RD STREET,BUILDING,17
10086,500 PARK TOWER CONDOMINIMIUM,BUILDING,1
10087,527 EAST 72ND STREET,BUILDING,17
10088,56 PINE STREET CONDOMINIUM,BUILDING,24
10089,60 REMSEN STREET,BUILDING,26
10090,7504 REXFORD ROAD,BUILDING,19
10091,800 WEST END AVENUE,BUILDING,1
10092,838 FIFTH AVENUE,BUILDING,17
10093,891 PARK AVENUE,BUILDING,17
10094,ALWYN COURT,BUILDING,1
10095,BLAIR HOUSE CONDOMINIUM,BUILDING,17
10096,CARRIAGE HOUSE CONDOMINIUMS,BUILDING,6
10097,CENTRAL PARK PLACE CONDO,BUILDING,17
10098,DUPLICATE - DUANE PARK LOFTS,BUILDING,17
10099,EDEN ROCK OWNERS,BUILDING,27
10100,LAUSANNE CONDOMINIUM,BUILDING,24
10101,LONDON TOWNE HOUSE,BUILDING,17
10102,LYLA CONDOMINIUM,BUILDING,19
10103,MADISON SQUARE PARK TOWER,BUILDING,17
10104,ONE TEN THIRD CONDOMINIUM,BUILDING,17
10105,PARC FIFTEEN,BUILDING,17
10106,DUPLICATE - SCHAEFER LANDING SOUTH,BUILDING,8
10107,SUTTON 57,BUILDING,17
10108,THE 505 CONDOMINIUM,BUILDING,17
10109,THE ANTOINETTE,BUILDING,17
10110,THE CONTINENTAL CONDOMINIUM,BUILDING,17
10111,THE KINGSLEY CONDO,BUILDING,6
10112,THE PARK BELVEDERE,BUILDING,17
10113,THE SHINNECOCK CONDOMINIUM,BUILDING,26
10114,THE STERLING MASON,BUILDING,6
10115,TWO NORTHSIDE PIERS,BUILDING,26
10116,470 BROOME STREET,BUILDING,17
10117,HALSTEAD MANAGEMENT,BUILDING,21
10118,GIBSON DUNN BEIJING CHINA,BUSINESS,20
10119,GIBSON DUNN BELGIUM,BUSINESS,20
10120,GIBSON DUNN CENTURY CITY,BUSINESS,20
10121,GIBSON DUNN DALLAS,BUSINESS,20
10122,GIBSON DUNN DENVER,BUSINESS,20
10123,GIBSON DUNN DUBAI,BUSINESS,20
10124,GIBSON DUNN FRANKFURT,BUSINESS,20
10125,GIBSON DUNN HONG KONG,BUSINESS,20
10126,GIBSON DUNN HOUSTON,BUSINESS,20
10127,GIBSON DUNN IRVINE ORANGE COUNTY,BUSINESS,20
10128,GIBSON DUNN LONDON,BUSINESS,20
10129,GIBSON DUNN LOS ANGELES,BUSINESS,20
10130,GIBSON DUNN MUNICH,BUSINESS,20
10131,GIBSON DUNN NEW YORK,BUSINESS,19
10132,GIBSON DUNN PALO ALTO,BUSINESS,20
10133,GIBSON DUNN PARIS,BUSINESS,20
10134,GIBSON DUNN SAN FRANCISCO,BUSINESS,20
10135,GIBSON DUNN SINGAPORE,BUSINESS,20
10136,GIBSON DUNN WASHINGTON DC,BUSINESS,20
10137,11 EAST 78TH STREET,BUILDING,21
10138,113 NASSAU STREET,BUILDING,21
10139,115 EAST 89TH STREET,BUILDING,21
10140,117 EAST 71ST STREET,BUILDING,21
10141,120 EAST 62ND STREET,BUILDING,21
10142,1380 YORK AVENUE,BUILDING,21
10143,15 EAST 94TH STREET,BUILDING,21
10144,16 EAST 71ST STREET,BUILDING,17
10145,19 EAST 71ST STREET,BUILDING,21
10146,210-214 EAST 88TH STREET,BUILDING,21
10147,235 EAST 83RD STREET,BUILDING,21
10148,401 WEST 22ND STREET,BUILDING,21
10149,404 EAST 75TH STREET,BUILDING,21
10150,48 - 50 EAST 66TH STREET,BUILDING,21
10151,51-53 EAST 74TH STREET,BUILDING,21
10152,58 EAST 80TH STREET,BUILDING,21
10153,7 EAST 86TH STREET,BUILDING,21
10154,FRIEDMAN MANAGEMENT CO.,BUILDING,21
10155,IVY TOWER,BUILDING,21
10156,100 BARCLAY,BUILDING,17
10157,100 UNITED NATIONS PLAZA,BUILDING,17
10158,1049 FIFTH AVENUE,BUILDING,6
10159,110 GREEN STREET,BUILDING,6
10160,120 OWNERS CORP,BUILDING,17
10161,127 WEST 96TH STREET,BUILDING,6
10162,132 32ND STREET,BUILDING,26
10163,15 BROAD STREET,BUILDING,17
10164,151 EAST 78TH STREET,BUILDING,24
10165,17 WEST 67TH STREET CORP.,BUILDING,17
10166,200 CHAMBERS STREET,BUILDING,17
10167,200 EAST TENANTS CORPORATION,BUILDING,1
10168,21 W20,BUILDING,17
10169,234 EAST 23RD STREET,BUILDING,17
10170,242 EAST 25TH APARTMENT CORP,BUILDING,1
10171,277 FIFTH AVENUE,BUILDING,17
10172,301 EAST TENANT'S CORP,BUILDING,17
10173,315 EAST 69TH STREET,BUILDING,6
10174,325 LEX,BUILDING,1
10175,330 EAST 70TH STREET,BUILDING,24
10176,40 BROAD STREET,BUILDING,24
10177,41 WEST 82ND STREET,BUILDING,6
10178,411 WEST END AVENUE,BUILDING,17
10179,45 PARK AVE,BUILDING,1
10180,459 WEST 18TH STREET,BUILDING,6
10181,465 PACIFIC STREET,BUILDING,26
10182,515 EAST 72ND,BUILDING,17
10183,53W53,BUILDING,17
10184,55 EAST 87TH STREET,BUILDING,24
10185,550 VANDERBILT,BUILDING,26
10186,59 WEST 12TH STREET,BUILDING,17
10187,622 3RD AVENUE,BUILDING,21
10188,70 EAST 77TH STREET,BUILDING,6
10189,825 WEST END AVENUE,BUILDING,6
10190,85 WEST BROADWAY CONDOMINIUM,BUILDING,1
10191,856 WASHINGTON AVENUE,BUILDING,27
10192,944 PARK AVENUE CONDOMINIUM,BUILDING,17
10193,985 PARK AVENUE CONDOMINIUM,BUILDING,17
10194,BACCARAT HOTEL & RESIDENCES,BUILDING,1
10195,BEEKMAN EAST CONDOMINIUM,BUILDING,17
10196,CARNEGIE HILL TOWER,BUILDING,6
10197,CAST IRON BUILDING,BUILDING,1
10198,CASTLE VILLAGE,BUILDING,17
10199,CELESTE GRAMERCY,BUILDING,17
10200,CIPRIANI CLUB RESIDENCES,BUILDING,1
10201,COCOA EXCHANGE,BUILDING,6
10202,EVANS TOWER CONDOMINIUM,BUILDING,17
10203,FAIRMONT MANOR,BUILDING,17
10204,GRACIE GARDENS,BUILDING,1
10205,GRAMERCY HOUSE,BUILDING,6
10206,GREENWICH CLUB RESIDENCES,BUILDING,24
10207,JAIME TOWERS,BUILDING,27
10208,"LANDMARK OWNERS, INC",BUILDING,24
10209,LINCOLN TOWERS (150 WEST END),BUILDING,17
10210,LINCOLN TOWERS AT 170 WEST END AVE,BUILDING,17
10211,LINCOLN TOWERS COMMUNITY,BUILDING,6
10212,LUNA LIC,BUILDING,6
10213,MORAD DIPLOMAT,BUILDING,24
10214,ONE HANSON PLACE,BUILDING,27
10215,ONE LINCOLN SQUARE CONDOMINIUM,BUILDING,1
10216,ONE SHERMAN SQUARE,BUILDING,17
10217,PARK TOWERS,BUILDING,1
10218,PRISM AT PARK AVENUE SOUTH,BUILDING,17
10219,QLIC APARTMENTS,BUILDING,27
10220,READE HOUSE,BUILDING,17
10221,READE57,BUILDING,17
10222,STEINER EAST VILLAGE,BUILDING,24
10223,THE 99 JANE STREET CONDOMINIUM,BUILDING,17
10224,THE AMERICA,BUILDING,1
10225,THE ARDSLEY TENANTS CORPORATION,BUILDING,17
10226,THE BEEKMAN MASTER CONDO,BUILDING,1
10227,THE BEEKMAN RESIDENCES CONDO,BUILDING,1
10228,THE CHELSEA WARREN,BUILDING,17
10229,THE CLAREMONT CONDOMINIUM,BUILDING,1
10230,THE DANIELLE APARTMENT CORP,BUILDING,1
10231,THE EAST VIEW HOUSE,BUILDING,6
10232,THE GRAND MADISON,BUILDING,17
10233,THE HARMONY,BUILDING,1
10234,THE METROPOLITAN CONDOMINIUMS,BUILDING,17
10235,THE RUTHERFORD,BUILDING,24
10236,THE SHEPHARD,BUILDING,1
10237,145 HUDSON STREET CONDOMINIUM,BUILDING,24
10238,THE SORTING HOUSE,BUILDING,17
10239,THE STANTON,BUILDING,24
10240,THE STRAND CONDOMINIUM,BUILDING,6
10241,THE VAUX CONDOMINIUM,BUILDING,1
10242,THE VIEW CONDOMINIUMS,BUILDING,6
10243,TOWNSEND HOUSE,BUILDING,17
10244,TRACY TOWERS,BUILDING,17
10245,TRIBECA OWNER'S CORP.,BUILDING,6
10246,TWENTY EXCHANGE,BUILDING,1
10247,330 EAST 80TH STREET,BUILDING,17
10248,12 EAST 13TH STREET,BUILDING,17
10249,10 BANK STREET,BUILDING,27
10250,111 WEST 33RD STREET,BUILDING,6
10251,1333 BROADWAY,BUILDING,6
10252,1350 BROADWAY,BUILDING,6
10253,1359 BROADWAY,BUILDING,6
10254,1400 BROADWAY,BUILDING,6
10255,250 WEST 57TH STREET,BUILDING,6
10256,500 MAMARONECK AVENUE,BUILDING,27
10257,501 7TH AVENUE,BUILDING,6
10258,EMPIRE STATE BUILDING,BUILDING,6
10259,FIRST STAMFORD PLACE,BUILDING,27
10260,MERRITTVIEW,BUILDING,27
10261,METRO CENTER,BUILDING,27
10262,ONE GRAND CENTRAL PLACE,BUILDING,6
10263,1 EAST 66TH STREET,BUILDING,17
10264,1 GRACIE SQUARE CONDOS,BUILDING,6
10265,1 LEXINGTON AVE,BUILDING,17
10266,10 WEST END AVENUE CONDOMINIUM,BUILDING,17
10267,1001 FIFTH AVENUE,BUILDING,6
10268,1040 FIFTH AVENUE,BUILDING,6
10269,1040 PARK AVENUE,BUILDING,17
10270,1045 PARK AVENUE,BUILDING,17
10271,1050 PARK AVENUE,BUILDING,17
10272,1060 FIFTH AVENUE,BUILDING,17
10273,111 EAST 85TH STREET,BUILDING,6
10274,111 MURRAY STREET,BUILDING,6
10275,1111 PARK AVENUE,BUILDING,17
10276,1158 FIFTH AVENUE,BUILDING,17
10277,1165 PARK AVENUE,BUILDING,17
10278,12 EAST 97TH STREET,BUILDING,17
10279,120 EAST 79TH STREET,BUILDING,17
10280,120 EAST END AVENUE,BUILDING,6
10281,135 EAST 71ST STREET,BUILDING,17
10282,14 EAST 90TH STREET,BUILDING,17
10283,15 EAST 91ST STREET,BUILDING,6
10284,150 CHARLES STREET,BUILDING,6
10285,151 WEST 17TH STREET,BUILDING,17
10286,169 EAST 69TH STREET,BUILDING,1
10287,175 EAST 74TH STREET,BUILDING,17
10288,2 EAST 70TH STREET,BUILDING,17
10289,205 EAST 42ND STREET,BUILDING,17
10290,222 RIVERSIDE DRIVE,BUILDING,1
10291,230 CENTRAL PARK SOUTH,BUILDING,17
10292,233 EAST 70TH STREET,BUILDING,6
10293,3 EAST 71ST STREET,BUILDING,6
10294,345 EAST 86TH STREET,BUILDING,6
10295,350 EAST 57TH STREET,BUILDING,6
10296,4 SUTTON PLACE,BUILDING,17
10297,40 FIFTH AVENUE,BUILDING,17
10298,405 EAST 63RD STREET,BUILDING,6
10299,444 EAST 52ND STREET,BUILDING,24
10300,45 WEST 10TH STREET,BUILDING,17
10301,480 PARK AVENUE,BUILDING,17
10302,5 EAST 71ST STREET,BUILDING,17
10303,515 PARK AVENUE,BUILDING,17
10304,55-57 EAST 76TH STREET,BUILDING,17
10305,6-16 WEST 77TH STREET,BUILDING,17
10306,778 PARK AVENUE,BUILDING,17
10307,812 FIFTH AVENUE,BUILDING,17
10308,875 FIFTH AVENUE,BUILDING,17
10309,876 PARK AVENUE,BUILDING,6
10310,929 PARK AVENUE,BUILDING,17
10311,935 PARK AVENUE,BUILDING,17
10312,936 FIFTH AVENUE,BUILDING,24
10313,944 FIFTH AVENUE,BUILDING,17
10314,950 PARK AVENUE,BUILDING,17
10315,960 PARK AVENUE,BUILDING,17
10316,980 FIFTH AVENUE,BUILDING,17
10317,BEEKMAN CAMPANILE,BUILDING,1
10318,BIG SIX TOWERS,BUILDING,17
10319,BREVARD OWNER'S CORP,BUILDING,17
10320,COUNTRY CLUB RIDGE TENANTS CORP,BUILDING,27
10321,DAG HAMMARSKJOLD TOWER CONDO,BUILDING,17
10322,DOUGLAS ELLIMAN PROPERTY MANAGEMENT,BUILDING,21
10323,DUTCH LIC,BUILDING,27
10324,ELEMENT CONDOMINIUM,BUILDING,24
10325,EXLAX BUILDING,BUILDING,26
10326,KEW TERRACE OWNERS,BUILDING,17
10327,LA PREMIERE,BUILDING,17
10328,LONDON TERRACE TOWERS,BUILDING,17
10329,DUPLICATE - MERRION CONDOMINIUM,BUILDING,17
10330,SELF HELP ASSOCIATIES K-6,BUILDING,19
10331,SHERMAN TOWERS,BUILDING,1
10332,TEXTILE BUILDING,BUILDING,6
10333,THE ARISTOCRAT,BUILDING,17
10334,THE BARBIZON,BUILDING,26
10335,THE CENTRALE,BUILDING,24
10336,THE CHELSEA CLUB,BUILDING,6
10337,THE POWERHOUSE CONDOMINIUM,BUILDING,17
10338,THE WENDHORN,BUILDING,24
10339,THE YARD POWERHOUSE CONDO,BUILDING,17
10340,WOODLAND OWNERS INC.,BUILDING,6
10341,YVES CHELSEA CONDOMINIMUM,BUILDING,1
10342,15 WILLIAM CONDOMINIUMS,BUILDING,17
10343,24 GRAMERCY PARK SOUTH,BUILDING,17
10344,10 HOLDER PLACE APARTMENTS,BUILDING,6
10345,1020 GRAND CONCOURSE,BUILDING,27
10346,110 EAST 36TH STREET,BUILDING,1
10347,111 BARROW STREET,BUILDING,24
10348,130 EAST END AVENUE,BUILDING,6
10349,135 EAST 74TH STREET,BUILDING,6
10350,150 EAST 37TH STREET,BUILDING,6
10351,209 EAST 56TH STREET,BUILDING,6
10352,215 EAST 73RD STREET,BUILDING,24
10353,225 EAST 73RD STREET,BUILDING,17
10354,30 EAST 37TH STREET,BUILDING,17
10355,300 WEST 108TH STREET,BUILDING,6
10356,310 WEST 56TH STREET,BUILDING,24
10357,32 EAST 64TH STREET,BUILDING,17
10358,32 GRAMERCY PARK SOUTH,BUILDING,6
10359,32 WASHINGTON SQUARE WEST,BUILDING,17
10360,36 EAST 36TH STREET,BUILDING,6
10361,36 HAMILTON AVENUE TENANTS,BUILDING,26
10362,360 EAST 72ND STREET,BUILDING,17
10363,388 BRIDGE STREET,BUILDING,27
10364,411 EAST 57TH STREET,BUILDING,17
10365,419 EAST 57TH STREET,BUILDING,17
10366,44 GRAMERCY PARK NORTH,BUILDING,17
10367,522 SHORE ROAD OWNERS INC.,BUILDING,26
10368,5TH STREET LOFTS,BUILDING,27
10369,76-66 AUSTIN STREET,BUILDING,26
10370,BEEKMAN TERRACE,BUILDING,17
10371,CEDARHURST PARK CORP,BUILDING,26
10372,CENTURY TOWERS,BUILDING,17
10373,CHADWIN HOUSE,BUILDING,24
10374,CHARLES H. GREENTHAL MANAGEMENT,BUILDING,19
10375,CHARTWELL HOUSE,BUILDING,6
10376,EASTGATE,BUILDING,24
10377,ESSEX HOUSE,BUILDING,6
10378,FROST HOUSE,BUILDING,6
10379,GREENWICH HOUSE,BUILDING,6
10380,HARDEN BROOK HOUSE,BUILDING,6
10381,"HEWLETT PARK APARTMENT OWNERS, INC.",BUILDING,27
10382,INTERNATIONAL PLAZA,BUILDING,17
10383,JOHN JAY HOUSE,BUILDING,6
10384,LAFAYETTE OWNERS CORP.,BUILDING,27
10385,MAPLEWOOD GARDENS,BUILDING,6
10386,MIDLAND MANAGEMENT,BUILDING,19
10387,MORGAN LOFTS,BUILDING,17
10388,PARK LANE SOUTH OWNERS INC.,BUILDING,27
10389,STAHL YORK AVENUE,BUILDING,17
10390,SUTTON MANOR,BUILDING,6
10391,THE COSMOPOLITAN,BUILDING,6
10392,THE HARTLEY,BUILDING,17
10393,THE NEWBURY,BUILDING,17
10394,THE PARC V,BUILDING,17
10395,THE PARK LANE TOWERS,BUILDING,6
10396,THE PLAZA 360,BUILDING,26
10397,THE SANDGATE,BUILDING,24
10398,THE TOWER CLUB CONDOMINIUMS,BUILDING,2
10399,THE VICTORIA,BUILDING,17
10400,WYCKOFF HOUSE CONDOMINIUM,BUILDING,27
10401,THE BYRON APARTMENTS,BUILDING,1
10402,11 NORTH MOORE STREET,BUILDING,17
10403,121 EAST 22ND STREET,BUILDING,24
10404,130 EAST 18TH STREET,BUILDING,1
10405,165 MERCER STREET,BUILDING,24
10406,205 WATER STREET,BUILDING,6
10407,210 CENTRAL PARK SOUTH,BUILDING,17
10408,240 EAST 79TH STREET,BUILDING,24
10409,29-45 EAST 9TH STREET,BUILDING,17
10410,309 EAST 87TH STREET,BUILDING,6
10411,310 EAST 49TH STREET,BUILDING,17
10412,323 PARK AVENUE SOUTH CONDOMINIUM,BUILDING,17
10413,350 WEST 51ST STREET,BUILDING,6
10414,400 PARK AVENUE SOUTH CONDOMINIUM,BUILDING,1
10415,41 FIFTH AVENUE,BUILDING,17
10416,42 CROSBY STREET,BUILDING,17
10417,440 EAST 79TH STREET,BUILDING,6
10418,444 EAST 86TH STREET,BUILDING,17
10419,ORO,BUILDING,26
10420,PIERHOUSE CONDOMINIUM,BUILDING,26
10421,SHERRY'S VILLAGE APARTMENTS,BUILDING,17
10422,THE BOERUM,BUILDING,26
10423,THE MURRAY HILL CRESCENT,BUILDING,24
10424,100 BARROW STREET,BUILDING,17
10425,102-55 67TH DRIVE,BUILDING,26
10426,110 WEST 86TH STREET,BUILDING,17
10427,125 WEST 96TH STREET,BUILDING,6
10428,135 OCEAN PARKWAY,BUILDING,26
10429,1399 PARK AVENUE,BUILDING,6
10430,14 HORATIO STREET,BUILDING,6
10431,147 WAVERLY PLACE,BUILDING,6
10432,150 WEST 87TH STREET,BUILDING,6
10433,159 MADISON AVENUE,BUILDING,17
10434,160 EAST 22ND STREET,BUILDING,17
10435,1966 NEWBOLD AVENUE,BUILDING,6
10436,221 EAST 36TH STREET,BUILDING,17
10437,224 MULBERRY STREET CONDOMINUM,BUILDING,6
10438,2427 EAST 29TH STREET,BUILDING,6
10439,245 WEST 74TH STREET,BUILDING,17
10440,250 CABRINI BOULEVARD,BUILDING,6
10441,2575 PALISADE AVENUE,BUILDING,6
10442,287/LES,BUILDING,6
10443,29 TIFFANY PLACE,BUILDING,26
10444,300 WEST 72ND STREET,BUILDING,6
10445,303 EAST 33RD STREET,BUILDING,17
10446,305 EAST 24TH STREET,BUILDING,17
10447,31-85 CRESCENT STREET,BUILDING,27
10448,314 WEST 100TH STREET,BUILDING,17
10449,315 EAST 70TH STREET,BUILDING,17
10450,318 EAST 81ST STREET,BUILDING,17
10451,320 WEST 19TH STREET,BUILDING,17
10452,325 WEST 11TH STREET,BUILDING,24
10453,33 GREENWICH AVE,BUILDING,17
10454,360 WYTHE AVENUE,BUILDING,26
10455,37-43 BRIDGE STREET CONDOS,BUILDING,26
10456,40 PROSPECT PARK WEST,BUILDING,26
10457,45 KEW GARDENS ROAD,BUILDING,26
10458,52 RIVERSIDE DRIVE,BUILDING,17
10459,545 WEST 111TH STREET,BUILDING,6
10460,5601 RIVERDALE AVENUE,BUILDING,6
10461,580 WEST END AVENUE,BUILDING,6
10462,65 WEST 95TH STREET,BUILDING,17
10463,66-72 ST. NICHOLAS AVENUE,BUILDING,6
10464,67-76 BOOTH STREET,BUILDING,6
10465,870 RIVERSIDE DRIVE,BUILDING,6
10466,91 LEONARD STREET,BUILDING,6
10467,AGELOFF TOWERS,BUILDING,6
10468,ASTOR BROADWAY,BUILDING,26
10469,BAYBRIDGE CONDOMINIUM III,BUILDING,17
10470,BLEECKER COURT,BUILDING,6
10471,CHATHAM TOWERS,BUILDING,17
10472,CHATTERTON TERRACE,BUILDING,27
10473,CHELSEA COURT,BUILDING,24
10474,FILLMORE GARDENS COOP,BUILDING,6
10475,LA BOURGOGNE,BUILDING,17
10476,MAYFLOWER TERRACE,BUILDING,27
10477,MORGAN HOUSE,BUILDING,17
10478,REGENT HOUSE,BUILDING,6
10479,THE ABINGDON,BUILDING,6
10480,THE ARMORY,BUILDING,6
10481,THE CHEROKEE,BUILDING,17
10482,THE GRAMERCY SPIRE,BUILDING,17
10483,THE GRINNELL,BUILDING,6
10484,THE HOPKINS CONDOMINIUM,BUILDING,6
10485,THE LEWIS STEEL BUILDING,BUILDING,26
10486,THE PARKER GRAMERCY,BUILDING,6
10487,THE PARKWOOD,BUILDING,17
10488,THE PHOENIX CONDOMINIUM,BUILDING,26
10489,THE SAMPLER,BUILDING,26
10490,THE SOMERSET CONDOMINIUM,BUILDING,26
10491,TURTLE BAY TOWERS,BUILDING,17
10492,DUPLICATE - WAVERLY BROOKLYN,BUILDING,8
10493,10 PROVOST,BUILDING,6
10494,1021 PARK AVENUE,BUILDING,17
10495,1025 FIFTH AVENUE,BUILDING,17
10496,103 EAST 84TH STREET,BUILDING,17
10497,1125 FIFTH AVENUE,BUILDING,17
10498,117 EAST 72ND STREET,BUILDING,24
10499,1220 PARK AVENUE,BUILDING,26
10500,129 EAST 69TH STREET,BUILDING,24
10501,133 EAST 80TH STREET,BUILDING,17
10502,151 EAST 79TH STREET,BUILDING,6
10503,18 DESBROSSES STREET,BUILDING,6
10504,180 EAST END AVENUE,BUILDING,6
10505,30 SUTTON PLACE,BUILDING,24
10506,345 WEST 13TH STREET,BUILDING,6
10507,385 WEST 12TH STREET,BUILDING,6
10508,39 EAST 79TH STREET,BUILDING,6
10509,397 WEST 12TH STREET CONDOMINIUM,BUILDING,6
10510,4 EAST 72ND STREET,BUILDING,6
10511,50 PARK AVENUE,BUILDING,6
10512,550 PARK AVENUE,BUILDING,24
10513,551 WEST 21ST STREET,BUILDING,17
10514,620 PARK AVENUE,BUILDING,6
10515,630 PARK AVE,BUILDING,1
10516,655 PARK AVENUE,BUILDING,6
10517,770 LEXINGTON AVENUE,BUILDING,17
10518,785 PARK AVENUE,BUILDING,6
10519,791 PARK AVENUE,BUILDING,17
10520,834 FIFTH AVENUE,BUILDING,6
10521,901 LEXINGTON AVE,BUILDING,6
10522,925 PARK AVE,BUILDING,17
10523,995 FIFTH AVENUE,BUILDING,17
10524,CUMBERLAND HOUSE,BUILDING,6
10525,ONE GRACIE TERRACE,BUILDING,17
10526,THE BROMLEY,BUILDING,17
10527,THE PARK GRAMERCY,BUILDING,17
10528,THE SAN REMO,BUILDING,17
10529,YORK TOWERS,BUILDING,1
10530,162 EAST 61ST STREET,BUILDING,21
10531,309 WEST 30TH STREET,BUILDING,6
10532,31 EAST 31ST STREET,BUILDING,21
10533,337 WEST 30TH STREET,BUILDING,6
10534,344 EAST 63RD STREET,BUILDING,21
10535,345 WEST 30TH STREET,BUILDING,6
10536,434 WEST 19TH STREET,BUILDING,6
10537,451 EAST 83RD STREET,BUILDING,24
10538,DUPLICATE - ARRAY / BEAM LIVING,BUILDING,8
10539,KIPS BAY COURT,BUILDING,1
10540,PARKER TOWERS,BUILDING,27
10541,STUYTOWN / BEAM LIVING,BUILDING,2
10542,THE GROVE,BUILDING,6
10543,1 CEDAR STREET,BUILDING,6
10544,1 HAWLEY TERRACE,BUILDING,6
10545,1270 FIFTH AVENUE,BUILDING,24
10546,1374 MIDLAND AVENUE,BUILDING,6
10547,3 ALDEN PLACE,BUILDING,6
10548,380 NORTH BROADWAY,BUILDING,6
10549,495 ODELL AVENUE,BUILDING,27
10550,58 MANVILLE ROAD,BUILDING,6
10551,72 PONDFIELD ROAD WEST,BUILDING,6
10552,APPLEHILL FARM CONDOMINIUM,BUILDING,27
10553,BARHITE AND HOLZINGER REAL ESTATE,BUILDING,27
10554,BRONXVILLE GLEN SOUTH CONDOMINIUM,BUILDING,27
10555,BRONXVILLE TOWERS,BUILDING,6
10556,EAGLE BAY CONDOMINIUMS,BUILDING,6
10557,GUARD HILL MANOR,BUILDING,27
10558,LOOKOUT SOUTH RESIDENCES,BUILDING,27
10559,PARKVIEW CONDOMINIUMS,BUILDING,27
10560,RIVERWOOD OWNERS INC,BUILDING,27
10561,VILLA BXV,BUILDING,6
10562,WHITE PLAINS HOSPITAL MEDICAL CENTER,BUILDING,6
10563,1200 MIDLAND AVENUE,BUILDING,27
10564,444 EAST 87TH STREET,BUILDING,1
10565,ECHELON CHELSEA,BUILDING,6
10566,THE KENILWORTH INN,HOTEL,1
10567,THE LEWIS,BUILDING,6
10568,FAIRFIELD INN LAGUARDIA AIRPORT FLUSHING,HOTEL,27
10569,1 HOTEL BROOKLYN BRIDGE,HOTEL,17
10570,AFFINIA GARDENS,HOTEL,17
10571,SONESTA SHELBURNE HOTEL,HOTEL,24
10572,AKA CENTRAL PARK,HOTEL,1
10573,AKA SUTTON PLACE,HOTEL,1
10574,AKA TIMES SQUARE,HOTEL,1
10575,AKA UNIVERSITY CITY,HOTEL,1
10576,ALOFT LIC MANHATTAN VIEW,HOTEL,1
10577,ARLO SOHO HOTEL,HOTEL,1
10578,BROADWAY PLAZA HOTEL,HOTEL,1
10579,COLONIAL HOUSE INN,HOTEL,24
10580,COMFORT INN EDGEWATER,HOTEL,19
10581,CONRAD NEW YORK DOWNTOWN,HOTEL,17
10582,COURTYARD MARRIOTT TIMES SQUARE WEST,HOTEL,1
10583,DELTA HOTEL WOODBRIDGE,HOTEL,17
10584,VOCO TIMES SQUARE SOUTH,HOTEL,24
10585,DREAM HOTEL MIDTOWN,HOTEL,1
10586,DUPLICATE - EMBASSY SUITES MIDTOWN,HOTEL,8
10587,FLATIRON HOTEL,HOTEL,17
10588,HAMPTON INN SEAPORT,HOTEL,24
10589,HILTON GARDEN INN EVANSTON,HOTEL,20
10590,HILTON GARDEN INN MIDTOWN EAST,HOTEL,17
10591,HILTON GARDEN INN TRIBECA,HOTEL,24
10592,HILTON GARDEN INN TYSONS CORNER,HOTEL,17
10593,HILTON GARDEN INN WASHINGTON DC CAPITOL,HOTEL,20
10594,HOLIDAY INN EXPRESS BRONX STADIUM AREA,HOTEL,1
10595,HOLIDAY INN EXPRESS MSG/CHELSEA,HOTEL,17
10596,HOLIDAY INN WALL STREET,HOTEL,24
10597,HOMEWOOD SUITES HOUSTON GALLERIA,HOTEL,20
10598,HOSPITALITEAM,HOTEL,8
10599,HYATT HOUSE AUSTIN DOWNTOWN,HOTEL,20
10600,HYATT HOUSE WHITE PLAINS,HOTEL,27
10601,HYATT PLACE LONG ISLAND CITY,HOTEL,17
10602,HYATT UNION SQUARE,HOTEL,1
10603,ITHACA MARRIOTT DOWNTOWN ON THE COMMONS,HOTEL,20
10604,LIC HOTEL,HOTEL,1
10605,MAGNA HOSPITALITY GROUP,HOTEL,1
10606,MARRIOTT VACATION CLUB PULSE NYC,HOTEL,17
10607,PHOENIX PARK HOTEL,HOTEL,20
10608,POD 39 HOTEL,HOTEL,1
10609,RENAISSANCE RENO DOWNTOWN HOTEL,HOTEL,20
10610,RESIDENCE INN MIDTOWN EAST,HOTEL,24
10611,SARKAS RESIDENCES HAMPTONS,HOTEL,19
10612,SARKAS RESIDENCES NYC,HOTEL,19
10613,SARKAS RESIDENCES WEST PALM BEACH,HOTEL,20
10614,SHERATON TRIBECA,HOTEL,1
10615,SHERRY-NETHERLAND HOTEL,HOTEL,1
10616,SPRINGHILL SUITES LAGUARDIA AIRPORT,HOTEL,27
10617,SPRINGHILL SUITES/FAIRFIELD INN & SUITES TS SOUTH,HOTEL,1
10618,THE MANHATTAN AT TIMES SQUARE HOTEL,HOTEL,24
10619,THE WILSON HOTEL BIG SKY MONTANA,HOTEL,20
10620,TWIN OAKS GUEST RANCH,HOTEL,20
10621,LEMI REALTY CO.,BUILDING,20
10622,LENDLEASE - 1179 BROADWAY,BUILDING,22
10623,WMW REALTY MANAGEMENT,BUILDING,6
10624,B SQUARED SUPPLY,BUSINESS,1
10625,CNCG,BUILDING,27
10626,DALEVIEW CARE CENTER,BUSINESS,26
10627,DEMD CLEANING LLC,BUSINESS,19
10628,DIVERSIFIED HEAT,BUSINESS,24
10629,EMPIRE MERCHANTS,BUSINESS,27
10630,INGRAM YUZEK GAINEN CARROLL & BERTOLOTTI,BUSINESS,19
10631,JOURNAL SQUARE LAUNDRY,BUSINESS,6
10632,SYNOVOS,BUSINESS,1
10633,"NY HEARTH CABINET CO., INC.",BUSINESS,2
10634,PALATINE NURSING HOME,BUSINESS,17
10635,AKA BEVERLY HILLS,HOTEL,20
10636,AKA WHITE HOUSE,HOTEL,1
10637,ARCHER HOTEL,HOTEL,1
10638,ARLO NOMAD,HOTEL,1
10639,BORO HOTEL,HOTEL,1
10640,DOUBLE TREE FINANCIAL,HOTEL,1
10641,DREAM DOWNTOWN,HOTEL,1
10642,ELEMENT TIMES SQUARE WEST,HOTEL,1
10643,EVEN HOTEL BROOKLYN,HOTEL,27
10644,FEATHER FACTORY HOTEL,HOTEL,8
10645,GANSEVOORT MEATPACKING NYC,HOTEL,1
10646,HAMPTON INN GARDEN CITY,HOTEL,26
10647,HOTEL ELYSEE,HOTEL,1
10648,HOTEL MELA TIMES SQUARE,HOTEL,17
10649,REFINERY HOTEL,HOTEL,1
10650,RESIDENCE INN TIMES SQUARE,HOTEL,1
10651,ROXY HOTEL TRIBECA,HOTEL,1
10652,SANCTUARY HOTEL,HOTEL,1
10653,THE ALLEN HOTEL,HOTEL,1
10654,THE BEEKMAN HOTEL,HOTEL,1
10655,THE MARITIME HOTEL,HOTEL,1
10656,THE MAXIMILIAN,BUILDING,26
10657,THE PARC HOTEL,HOTEL,17
10658,THE PAUL HOTEL,HOTEL,24
10659,TRUMP INTERNATIONAL HOTEL & TOWER,HOTEL,6
10660,WELLINGTON HOTEL,HOTEL,22
10661,WYNDHAM GARDEN CHINATOWN,HOTEL,1
10662,CRUNCH FITNESS EAST WINDSOR,GYM,8
10663,CRUNCH FITNESS GARWOOD,GYM,8
10664,CRUNCH FITNESS GREEN BROOK,GYM,8
10665,CRUNCH FITNESS STATEN ISLAND,GYM,8
10666,MARBLE - POSSIBLE PRODUCTIONS,BUSINESS,19
10667,AUTO SOLUTIONS,BUSINESS,17
10668,MOXY CHELSEA,HOTEL,1
10669,COURTYARD MARRIOTT TIMES SQUARE,HOTEL,24
10670,EXECUTIVE HOTEL LE SOLEIL NEW YORK,HOTEL,1
10671,HOLIDAY INN BROOKLYN DOWNTOWN,HOTEL,1
10672,HOTEL CITADINES CONNECT 5TH AVENUE,HOTEL,24
10673,HOTEL KITANO,HOTEL,17
10674,INNSIDE NEW YORK NOMAD,HOTEL,1
10675,MADISON LES HOTEL,HOTEL,1
10676,PARK CENTRAL HOTEL,HOTEL,1
10677,PARK LANE HOTEL,HOTEL,1
10678,THE BENJAMIN HOTEL,HOTEL,17
10679,THE GALLIVANT HOTEL,HOTEL,1
10680,THE GARDEN CITY HOTEL,HOTEL,1
10681,THE KIMBERLY,HOTEL,1
10682,29 EAST 29TH ST,HOTEL,1
10683,THE WHITBY HOTEL,HOTEL,24
10684,W UNION SQUARE HOTEL,HOTEL,24
10685,WYNDHAM GARDEN SUNSET PARK,HOTEL,27
10686,TEMPLE COURT,BUSINESS,24
10687,MOMOSAN RAMEN & SAKE,BUSINESS,24
10688,"RELIANCE FIRST CAPITAL, LLC",BUSINESS,19
10689,SEAFARERS & INTERNATIONAL HOUSE,BUSINESS,17
10690,WE CLEAN HOSPITALITY,BUSINESS,8
10691,CRUNCH FITNESS SERVICE ROAD,GYM,8
10692,RETRO FITNESS PEARL RIVER,GYM,8
10693,6 COLUMBUS HOTEL,HOTEL,17
10694,AKA RITTENHOUSE SQUARE,HOTEL,1
10695,CROSBY STREET HOTEL,HOTEL,24
10696,THE CHEMISTS CLUB HOTEL,HOTEL,1
10697,FOUR SEASONS SURF CLUB MIAMI,HOTEL,20
10698,GOTHAM HOTEL,HOTEL,1
10699,HILTON BROOKLYN HOTEL,HOTEL,1
10700,HILTON GARDEN INN FINANCIAL CENTER,HOTEL,1
10701,HOMEWOOD SUITES,HOTEL,1
10702,LOTTE NEW YORK PALACE,,1
10703,MADE HOTEL,HOTEL,1
10704,MARCO LAGUARDIA HOTEL,HOTEL,1
10705,OOB - MCCARREN HOTEL & POOL,HOTEL,19
10706,MR.C COCONUT GROVE,HOTEL,20
10707,POD BROOKLYN HOTEL,HOTEL,1
10708,RESIDENCE INN LONG ISLAND GARDEN CITY,HOTEL,26
10709,ROARING BROOK RANCH RESORT,HOTEL,20
10710,ROOST EAST MARKET,HOTEL,1
10711,ROOST MIDTOWN,HOTEL,1
10712,ROOST RITTENHOUSE,HOTEL,1
10713,STAYBRIDGE SUITES,HOTEL,1
10714,THE HOTEL @ TIMES SQUARE,HOTEL,17
10715,THE MARK HOTEL,HOTEL,1
10716,OOB - THE PAPER FACTORY HOTEL,HOTEL,1
10717,TWA HOTEL AT JFK,HOTEL,26
10718,WING GONG LAUNDRY,BUSINESS,8
10719,BELOW THE LINE PRODUCTION SUPPLY,BUSINESS,2
10720,"ONYX ELECTRONICS, INC.",BUSINESS,2
10721,CRAFT RESTAURANT,BUSINESS,24
10722,COMMUNITY RESOURCE CENTER,BUSINESS,21
10723,21C MUSEUM HOTEL CINCINNATI,HOTEL,20
10724,CANOPY BY HILTON MEMPHIS DOWNTOWN,HOTEL,1
10725,CHELSEA INN HOTEL,HOTEL,1
10726,EUROSTARS MAGNIFICENT MILE HOTEL CHICAGO,HOTEL,20
10727,HAMPTON INN MANHATTAN CHELSEA,HOTEL,17
10728,RENAISSANCE NEW YORK TIMES SQUARE,HOTEL,1
10729,THE MANHATTAN CLUB,HOTEL,17
10730,WYNDHAM GARDEN LIC MANHATTAN VIEW,HOTEL,26
10731,ZADIG & VOLTAIRE,BUSINESS,19
10732,THE MAVE HOTEL,HOTEL,17
10733,HUDSON RIVER HOTEL,HOTEL,1
10734,THE HOTEL @ NEW YORK CITY,HOTEL,17
10735,BARBIZON 63,BUILDING,24
10736,THE ALYDN,BUILDING,17
10737,THE NATHANIEL,HOTEL,17
10738,THE WILLIAM VALE HOTEL,HOTEL,1
10739,DOUBLETREE TIMES SQUARE SOUTH,HOTEL,1
10740,ANCHOR INN,HOTEL,1
10741,ARCHER HOTEL FLORHAM PARK,HOTEL,17
10742,HOTEL MULBERRY,HOTEL,24
10743,NOLITAN HOTEL,HOTEL,24
10744,JW MARRIOTT ESSEX HOUSE,HOTEL,1
10745,SKY HOUSE,BUILDING,17
10746,THE PLAZA CONDOMINIUM,BUILDING,1
10747,THE PLAZA RESIDENCES,BUILDING,1
10748,BEAUTYFIX MEDSPA WESTCHESTER,BUSINESS,19
10749,BROOKLYN BREWERY,BUSINESS,1
10750,CHAMPION PAINT,BUSINESS,1
10751,CHESTNUT HILL NURSING & REHAB,BUSINESS,17
10752,CROZIER FINE ARTS LONG ISLAND CITY,BUSINESS,19
10753,CROZIER FINE ARTS LOS ANGELES,BUSINESS,20
10754,CROZIER FINE ARTS MIAMI,BUSINESS,20
10755,CROZIER FINE ARTS NEWARK,BUSINESS,20
10756,CROZIER FINE ARTS RIDGEFIELD,BUSINESS,20
10757,CROZIER FINE ARTS WASHINGTON DC,BUSINESS,20
10758,EAGLE GROVE ADVISORS,BUSINESS,8
10759,"EDMG MANAGEMENT, LLC",BUSINESS,26
10760,EMBASSY OF THE STATE OF KUWAIT,BUSINESS,20
10761,FEATHERS S3,BUSINESS,19
10762,FRANKFORT COMPOUND,BUSINESS,1
10763,GRAND MORELOS,BUSINESS,8
10764,HAROLD WEIDMAN,BUSINESS,8
10765,HORIZON SCRIPTED TELEVISION,BUSINESS,19
10766,JEWELRY DESIGN GALLERY,BUSINESS,8
10767,JOS. LOWENSTEIN,BUSINESS,1
10768,JOVIA FINANCIAL CREDIT UNION,BUSINESS,26
10769,KIRBY FORENSIC PSYCHATRIC CENTER,BUSINESS,19
10770,KMO CONSTRUCTION LLC,BUSINESS,22
10771,KUWAIT MISSION TO THE UNITED NATIONS,BUSINESS,20
10772,LA CROSS PHARMACY,BUSINESS,19
10773,LIGHTSTONE GROUP,BUSINESS,19
10774,LIGHTSTONE GROUP LAKEWOOD,BUSINESS,19
10775,LITTLE LEARNING INC,BUSINESS,19
10776,LUXURY LASH NY,BUSINESS,1
10777,MATEVY MAINTENANCE,BUSINESS,26
10778,METROPOLITAN PACKAGING,BUSINESS,27
10779,NATIONAL ELEVATOR,BUSINESS,1
10780,NAVY OJAG,BUSINESS,20
10781,NBC UNIVERSAL SUPERSTORE,BUSINESS,20
10782,NDB,BUSINESS,1
10783,NEW EAST SIDE NURSING HOME,BUSINESS,1
10784,OHIO LOTTERY COMMISSION,BUSINESS,20
10785,PALO ALTO NETWORKS,BUSINESS,20
10786,PALO ALTO NETWORKS VIRGINIA,BUSINESS,20
10787,PAUL'S AUTO MAINTENANCE,BUSINESS,8
10788,PLENTY UNLIMITED INC.,BUSINESS,20
10789,PRESTIGE TOWEL & SUPPLY CO,BUSINESS,19
10790,RCN CORP WASHINGTON DC,BUSINESS,20
10791,RCN LEHIGH VALLEY,BUSINESS,20
10792,RCN TELECOMMUNICATION LONG ISLAND CITY,BUSINESS,19
10793,READY STRONG MEALS,BUSINESS,1
10794,REINAUER TRANSPORTATION COMPANIES (RTC),BUSINESS,1
10795,RELIANCE FIRST CAPITAL CHARLOTTE,BUSINESS,20
10796,RELIANCE FIRST CAPITAL CLEVELAND,BUSINESS,20
10797,RELIANCE FIRST CAPITAL DALLAS,BUSINESS,20
10798,RELIANCE FIRST CAPITAL NASHVILLE,BUSINESS,20
10799,RELIANCE FIRST CAPITAL PITTSBURGH,BUSINESS,20
10800,ROLEX BUILDING BEVERLY HILLS,BUSINESS,20
10801,ROLEX WATCH BUILDING,BUSINESS,1
10802,ROLEX WATCH DALLAS,BUSINESS,20
10803,ROLEX WATCH LONG ISLAND CITY,BUSINESS,1
10804,ROLEX WATCH PENNSYLVANIA,BUSINESS,1
10805,SAKS FIFTH AVENUE,BUSINESS,24
10806,SALERNO SURGICAL SUPPLIES,BUSINESS,8
10807,SKYLINE STEEL CORP,BUSINESS,27
10808,SMALL BATCH RESTAURANT,BUSINESS,27
10809,SOFT TOUCH BEAUTY LLC,BUSINESS,20
10810,SPOTLESS BY J. FERRARI CLEANING SERVICES,BUSINESS,22
10811,SUNBELT RENTALS,BUSINESS,27
10812,TECHNIGRAPHIC,BUSINESS,8
10813,THE GENERAL THEOLOGICAL SEMINARY,BUSINESS,17
10814,THE SALVATION ARMY FREEPORT,BUSINESS,22
10815,THOMSAN COMPANY,BUSINESS,19
10816,TRANSPACKERS SERVICE,BUSINESS,24
10817,UNITED ELECTRIC POWER,BUSINESS,19
10818,UNITED ENVELOPE,BUSINESS,20
10819,UPSTATE DAIRY FARMS,BUSINESS,27
10820,US EMBASSY YEREVAN,BUSINESS,20
10821,VASSO WASTE EQUIPMENT,BUSINESS,27
10822,VINYL MATERIAL,BUSINESS,19
10823,WESTBETH ARTISTS HOUSING,BUILDING,17
10824,WESTERN BEEF,BUSINESS,26
10825,DEEPAM FITNESS LLC,GYM,22
10826,RETRO FITNESS DIX HILLS,GYM,8
10827,RETRO FITNESS EAST WINDSOR,GYM,8
10828,RETRO FITNESS EDISON,GYM,8
10829,RETRO FITNESS HILLSBOROUGH,GYM,8
10830,RETRO FITNESS NEW CITY,GYM,8
10831,RETRO FITNESS PITTSFIELD,GYM,20
10832,RETRO FITNESS ROCKAWAY NJ,GYM,8
10833,RETRO FITNESS SAYREVILLE,GYM,8
10834,RETRO FITNESS TAPPAN,GYM,8
10835,RETRO FITNESS TENAFLY,GYM,8
10836,DUPLICATE - INTERCONTINENTAL NEW YORK BARCLAY,HOTEL,8
10837,NUMBER 5,HOTEL,17
10838,CHELSEA ENCLAVE,BUILDING,6
10839,110 EAST 59TH STREET,BUILDING,17
10840,110 WEST 94TH STREET,BUILDING,6
10841,119 WEST 137TH STREET,BUILDING,17
10842,122 EAST 82ND STREET,BUILDING,24
10843,1238 SIMPSON STREET,BUILDING,6
10844,157 EAST 32ND STREET,BUILDING,17
10845,157 EAST 75TH STREET,BUILDING,17
10846,162 EAST 80TH STREET,BUILDING,24
10847,164-23 HIGHLAND AVE,BUILDING,22
10848,170 EAST END AVENUE,BUILDING,6
10849,175 MOHAWK AVE - SCHWARZMAN RESIDENCES,BUILDING,19
10850,177 EAST 75TH STREET,BUILDING,1
10851,180 BROAD STREET,BUILDING,6
10852,200 EAST 36TH STREET,BUILDING,6
10853,200 EAST END AVENUE,BUILDING,24
10854,210 WEST 77TH STREET,BUILDING,17
10855,210-220 EAST 22ND STREET,BUILDING,17
10856,23 WEST 116TH STREET,BUILDING,6
10857,235 EAST 105TH STREET,BUILDING,6
10858,252 EAST 57TH STREET,BUILDING,1
10859,322 EAST 57TH STREET,BUILDING,17
10860,373 WYTHE AVE,BUILDING,6
10861,440 WEST 20TH STREET,BUILDING,17
10862,535 WEST END AVENUE,BUILDING,6
10863,555 MADISON AVENUE,BUILDING,24
10864,73 BODINE STREET,BUILDING,22
10865,740 PARK AVENUE - SCHWARZMAN RESIDENCES,BUILDING,19
10866,7W21,BUILDING,24
10867,8 VANDERBILT AVE.,BUILDING,6
10868,88 LEONARD STREET,BUILDING,17
10869,AALTO 57,BUILDING,1
10870,"AA-TOP CONSTRUCTION, INC.",BUILDING,8
10871,"AJFC COMMUNITY ACTION AGENCY, INC.",BUILDING,20
10872,BRONXVILLE GLEN ONE,BUILDING,17
10873,CHELSEA GREEN,BUILDING,17
10874,GM REALTY,BUILDING,19
10875,HOUSE39,BUILDING,24
10876,LENDLEASE - BROOKLYN METHODIST HOSPITAL,BUILDING,22
10877,MAYFAIR TOWERS,BUILDING,17
10878,PARLOUR AT 243 FOURTH AVE,BUILDING,27
10879,ROSE ASSOCIATES,BUILDING,24
10880,ROSE HILL,BUILDING,6
10881,RUDIN MANAGEMENT CO. INC,BUILDING,19
10882,THE EDGE CONDOMINIUM,BUILDING,1
10883,THE ELLINGTON,BUILDING,24
10884,THE GRAYSON,BUILDING,17
10885,THE VENTURA,BUILDING,24
10886,WOODY HOUSE,BUILDING,19
10887,12 PELL,BUSINESS,19
10888,ABLE ROLLING STEEL DOOR,BUSINESS,19
10889,ADDISON DESIGN,BUSINESS,19
10890,ADVENTURE TOURS,BUSINESS,20
10891,AGRATRONIX,BUSINESS,20
10892,ALLWOOD PLAY AND LEARN,BUSINESS,19
10893,AMERICAN PACKAGE,BUSINESS,27
10894,APPLIANCE BROKERS LTD,BUSINESS,8
10895,AUSTER RUBBER,BUSINESS,27
10896,BLOCK MEDICAL SUPPLY LLC,BUSINESS,20
10897,CASH ACCOUNTS,BUSINESS,1
10898,CLOVE LAKES HEALTH CARE & REHABILITATION,BUSINESS,26
10899,CONCORD ELECTRONICS,BUSINESS,27
10900,CRITTER CATCHER INC.,BUSINESS,20
10901,CUMBERLAND PACKING CORP,BUSINESS,1
10902,DAVID R CONSTRUCTION,BUSINESS,19
10903,"EGG ELECTRIC, INC.",BUSINESS,22
10904,ELLIS LAW,BUSINESS,8
10905,EMPIRE STATE HEATING AND COOLING,BUSINESS,19
10906,GAPSTOW CAPITAL PARTNERS LP,BUSINESS,19
10907,GENERAL WELDING SUPPLY,BUSINESS,26
10908,"GOLDEN PIG COLLECTION, LLC",BUSINESS,20
10909,GOURMET ADVISORY SERVICES,BUSINESS,22
10910,ICONS CORP,BUSINESS,22
10911,ISLAND EATS,BUSINESS,19
10912,JACOBUS PHARMACEUTICAL CO,BUSINESS,22
10913,JSH INTERNATIONAL,BUSINESS,20
10914,JUAN'S CORNER,BUSINESS,20
10915,JUNE HOMES,BUSINESS,21
10916,KELLER WILLIAMS REALTY MONMOUTH,BUSINESS,19
10917,KISKA CONSTRUCTION,BUSINESS,19
10918,L'APPARTMENT HAIR BOUDOIR,BUSINESS,19
10919,LATE NIGHT DELI INC,BUSINESS,19
10920,MARIA HERRERA,BUSINESS,22
10921,MARIA TASH,BUSINESS,22
10922,MARTIN GREENFIELD LTD,BUSINESS,8
10923,MAXELLI ENTERPRISE,BUSINESS,19
10924,MCKINSEY & COMPANY INC.,BUSINESS,19
10925,MODERN SPACES,BUSINESS,19
10926,MUTUAL REDEVLOPMENT HOUSES  INC,BUILDING,1
10927,NC STATE - CENTER FOR HUMAN HEALTH,BUSINESS,20
10928,NEW YORK PAVING,BUSINESS,27
10929,NYPD TRAFFIC,BUSINESS,19
10930,ONDECK CAPITAL NYC,BUSINESS,19
10931,"PEOPLE'S FIREHOUSE, INC.",BUSINESS,27
10932,"Plus One Holdings, Inc.",BUSINESS,24
10933,PREMIERE ORAL SURGERY GROUP,BUSINESS,19
10934,"PRISTINEHD, LLC",BUSINESS,19
10935,PSARI SEAFOOD RESTAURANT & BAR,BUSINESS,19
10936,RIVERHEAD AUTO MALL,BUSINESS,19
10937,SAINT JOSEPH CHURCH,BUSINESS,20
10938,ST. MARK'S SCHOOL OF TEXAS,BUSINESS,20
10939,STARLIGHT LODGE NORTH CONWAY,BUSINESS,20
10940,STEWART MEDICIAL GROUP,BUSINESS,20
10941,T.W. SMITH,BUSINESS,27
10942,THE BABY'S DEN,BUSINESS,22
10943,THE DUMPLING FACTORY / VANESSA'S,BUSINESS,21
10944,THE GROLIER CLUB,BUSINESS,6
10945,THERAPY PROS O.T. & EDUCATIONAL SERVICES,BUSINESS,8
10946,TLC HOSPITALITY,HOTEL,1
10947,UNITED METRO ENERGY CORP.,BUSINESS,19
10948,US EMBASSY BELMOPAN,BUSINESS,20
10949,VANESSA'S DUMPLING HOUSE,BUSINESS,19
10950,WINDSOR PHARMACY,BUSINESS,22
10951,SUNOCO TERMINALS LP (ZENITH ENERGY),BUSINESS,1
10952,CRUNCH FITNESS BROOKLYN,GYM,8
10953,LIFE HEALTH WHITESTONE,GYM,8
10954,THE WRIGHT FIT -  GYM AT 100 BARCLAY,GYM,17
10956,RUPPERT HOUSE,BUILDING,24
10957,10 BLEECKER STREET,BUILDING,6
10958,THE ABI CHELSEA,BUILDING,6
10959,THE BEACON TOWER,BUILDING,6
10960,611 WEST 56TH STREET,BUILDING,6
10961,SILVER TOWERS,BUILDING,27
10962,ARTEZEN HOTEL,HOTEL,1
10963,GAUDIO'S PIZZERIA & RESTAURANT,BUSINESS,8
10964,ILY ONLY SPA @ LOTTE,HOTEL,24
10965,DUPLICATE - JOURNAL SQUARE LAUNDRY,BUSINESS,8
10966,MARGARITAVILLE RESORT TIMES SQUARE,HOTEL,1
10967,DOUBLETREE MIDTOWN FIFTH AVENUE,HOTEL,1
10968,SKYLINE TOWER,BUILDING,1
10969,CLINTON HILL CO-OPS,BUILDING,26
10970,THE STAMFORD HOTEL,HOTEL,1
10971,TRYP TIMES SQUARE SOUTH,HOTEL,24
10972,WALKER HOTEL GREENWICH VILLAGE,HOTEL,1
10974,100 PARK TERRACE WEST,BUILDING,24
10975,18 WARBURTON AVENUE,BUILDING,27
10976,33-04 29TH STREET,BUILDING,17
10978,657 KNICKERBOCKER AVE,BUILDING,27
10979,900 JEFFERSON STREET,BUILDING,6
10980,KINGDOM EQUITIES,BUILDING,1
10981,MB HAMPTONS LLC,BUILDING,1
10982,DUPLICATE - RUPPERT HOUSE,BUILDING,8
10983,SWISS RE MANAGEMENT,BUSINESS,19
10984,ESTUARY APARTMENTS,BUILDING,6
10985,HAMILTON COVE,BUILDING,27
10986,TWO LINCOLN SQUARE,BUILDING,24
10987,WATERMARK LIC,BUILDING,26
10988,DUPLICATE - COMMUNITY RESOURCE CENTER,BUSINESS,8
10989,60 WEST 14TH STREET,BUILDING,17
10990,23-55 BELL BLVD,BUILDING,26
10991,321 WEST 78TH STREET,BUILDING,6
10992,75 EAST END AVE,BUILDING,6
10993,ARLO MIDTOWN,HOTEL,1
10994,CASA CIPRIANI,HOTEL,1
10995,CITIZEN360,BUILDING,17
10996,COOPER GRAMERCY,BUILDING,17
10997,HENDERSON HOUSE,BUILDING,6
10998,DUPLICATE - 35 EAST 35TH STREET,BUILDING,6
10999,RINGER STUDIOS,BUSINESS,20
11000,RIVERSIDE TOWERS CORPORATION,BUILDING,6
11001,THE CORE CLUB,HOTEL,1
11002,THE CORINTHIAN,BUILDING,6
11003,THE OXFORD,BUILDING,6
11004,W PHILADELPHIA,HOTEL,20
11005,WAVERLY BROOKLYN,BUILDING,26
11006,DUPLICATE - WAVERLY MEWS,BUILDING,8
11008,371 FORT WASHINGTON AVE,BUILDING,24
11009,ARCHER HOTEL TYSONS,HOTEL,20
11010,DUPLICATE - CHELSEA PINES INN,HOTEL,8
11011,CITYSPIRE,BUILDING,24
11012,INE2 LLC,BUSINESS,20
11013,RAINBOW LANDFLOWERS CORP,BUSINESS,8
11014,WALKER HOTEL TRIBECA,HOTEL,1
11015,733 PARK AVENUE,BUILDING,6
11016,LUMA HOTEL TIMES SQUARE,HOTEL,1
11017,RETRO FITNESS RARITAN,GYM,8
11018,RETRO FITNESS MANVILLE,GYM,8
11019,HOTEL GIRAFFE,HOTEL,1
11020,THE KELLYS,BUSINESS,8
11021,THE NEW YORK EDITION HOTEL,HOTEL,27
11022,DUPLICATE - WAVERLY MEWS,BUILDING,8
11024,DUPLICATE - WAVERLY BROOKLYN,BUILDING,8
11025,CB DEVELOPERS LLC,BUILDING,6
11026,DUPLICATE - 49 WEST 72ND STREET,BUILDING,8
11027,130 WEST 12TH STREET,BUILDING,6
11028,DUPLICATE - 371 FORT WASHINGTON AVE,BUILDING,8
11029,60 EAST 86TH STREET,BUILDING,6
11030,809 BROADWAY,BUILDING,24
11031,833 MADISON AVE,BUILDING,24
11032,DUPLICATE - ARCHER HOTEL TYSONS,HOTEL,8
11033,CHELSEA PINES INN,HOTEL,1
11034,DUPLICATE - CITYSPIRE,BUILDING,8
11035,DOUBLE TREE TIMES SQUARE WEST,HOTEL,17
11036,DUPLICATE - INE2 LLC,BUSINESS,8
11037,DUPLICATE - RAINBOW LANDFLOWERS CORP,BUSINESS,8
11038,SAMPLES,BUSINESS,1
11039,THE E. F. CALDWELL,BUILDING,6
11040,THE CASAMIA 36 HOTEL,HOTEL,8
11041,330 WEST 56TH STREET,BUILDING,6
11042,SETON HOTEL,HOTEL,22
11043,THE PLAZA HOTEL,HOTEL,1
11044,ECONO LODGE TIMES SQUARE,HOTEL,24
11045,825 FIFTH AVENUE,BUILDING,17
11046,LIBRARY HOTEL,HOTEL,1
11047,47 EAST 88TH STREET,BUILDING,24
11048,DUPLICATE - ECONO LODGE TIMES SQUARE,HOTEL,8
11049,SLOVAK CLUB,BUSINESS,27
11050,THE BELAIRE CONDOMINIUM,BUILDING,24
11051,RESIDENCE INN YONKERS WESTCHESTER COUNTY,HOTEL,27
11052,1016 FIFTH AVENUE,BUILDING,17
11053,THE LARSTRAND,BUILDING,6
11054,35 EAST 35TH STREET,BUILDING,6
11055,SHEEPSHEAD TERRACE CO-OP,BUILDING,26
11056,RITZ CARLTON CENTRAL PARK,HOTEL,1
11057,CASABLANCA HOTEL,HOTEL,1
11058,THE MADISON HOTEL MORRISTOWN  ,HOTEL,17
11059,ALIZ TIMES SQUARE HOTEL,HOTEL,1
11060,DUPLICATE - THE GRINNELL,BUILDING,8
11061,DOUBLE TREE BURLINGTON VERMONT,HOTEL,20
11062,1140 FIFTH AVENUE,BUILDING,6
11063,THE MOORE HOTEL CHELSEA,HOTEL,1
11064,SCHAEFER LANDING SOUTH,BUILDING,27
11065,222 W80,BUILDING,6
11066,THE PETER JAMES,BUILDING,6
11067,HYATT PLACE CHELSEA,HOTEL,1
11068,969 PARK AVENUE APARTMENTS,BUILDING,24
11069,TEN FORTY MADISON,BUILDING,24
11070,CPS EVENTS AT THE PLAZA ,BUSINESS,1
11071,SIXTY LES,HOTEL,1
11072,BALTUSROL GOLF CLUB,BUSINESS,6
11073,RESIDENCE INN MANCHESTER DOWNTOWN,HOTEL,20
11075,RADISSON HOTEL NEW YORK WALL STREET,HOTEL,17
11076,"CHEFMOD, LLC",BUSINESS,21
11077,CASH ACCOUNT - PERSONAL,,8
11078,THE WALLACE,HOTEL,1
11079,DUPLICATE - 400 EAST 59TH STREET,BUILDING,8
11080,THE TIMES SQUARE EDITION,HOTEL,24
11081,FRONT & YORK MASTER CONDO,BUILDING,26
11082,FRONT & YORK RESIDENCES CONDO,BUILDING,26
11083,AMAZON ORDERS,BUSINESS,8
11084,THE SUTTON VIEW CONDOMINIUM,BUILDING,24
11085,COURTYARD MARRIOTT MIDTOWN WEST,HOTEL,1
11086,FAIRFIELD INN AND SUITES MIDTOWN PENN STATION,HOTEL,1
11087,TONG BROOKLYN,BUSINESS,19
11088,HILTON GARDEN INN CHICAGO/NORTHSHORE EVANSTON,HOTEL,8
11089,21 WEST STREET,BUILDING,6
11090,885 WEST END AVENUE,BUILDING,6
11091,1199 PARK AVENUE CONDO,BUILDING,24
11092,RESIDENCE INN BURLINGTON COLCHESTER VERMONT,HOTEL,20
11093,DUPLICATE - THOMAS DETORE,BUSINESS,8
11094,THE CALDWELL,BUILDING,24
11095,PROPER HOSPITALITY SOLUTIONS,BUSINESS,1
11096,CANDOR JANITORIAL,BUSINESS,22
11097,SKYTOP LODGE,HOTEL,1
11098,11 HOWARD HOTEL,HOTEL,1
11099,677 WEST END AVENUE,BUILDING,24
11100,RIVER POINT TOWERS,BUILDING,27
11102,SPA PARTNERS,BUSINESS,8
11104,LINCOLN TOWERS AT 205 WEST END,BUILDING,6
11105,BELVEDERE HOTEL,HOTEL,24
11106,4 EAST 89TH STREET,BUILDING,6
11107,JFK INN,HOTEL,26
11109,200 EAST 74TH STREET,BUILDING,24
11110,COURTYARD & RESIDENCE INN FINANCIAL DISTRICT,HOTEL,1
11111,345 EAST 69TH STREET,BUILDING,17
11112,THE BELVOIR,BUILDING,6
11113,PARK SOUTH HOTEL,HOTEL,1
11114,RETRO FITNESS NORTH BRUNSWICK,GYM,8
11115,BS INGERSOL LLC,BUSINESS,20
11116,THE ROUSSEAU CONDOMINIUM,BUILDING,17
11117,SKYLINE BUILDING ,BUILDING,6
11118,COURTYARD MARRIOTT YONKERS,HOTEL,27
11119,DOUBLETREE NEWARK AIRPORT,HOTEL,17
11120,"SHEMIRAN CO, LLC",BUSINESS,19
11121,EASTVILLE REALTY,BUILDING,19
11122,323-325-327 WEST 11TH STREET OWNERS CORP,BUILDING,24
11123,30 WEST 86TH STREET,BUILDING,6
11124,HILTON GARDEN INN TIMES SQUARE NORTH,HOTEL,1
11125,SIX POINTS AT BLOOMFIELD STATION,BUILDING,6
11126,DISTRIKT HOTEL,HOTEL,1
11127,DRS BOYD NYC,BUSINESS,1
11128,FOUR POINTS BY SHERATON DOWNTOWN,HOTEL,24
11129,GRADUATE ROOSEVELT ISLAND,HOTEL,24
11130,GILSEY HOUSE,BUILDING,24
11131,HOTEL ON RIVINGTON,HOTEL,1
11132,EUROSTARS WALL STREET HOTEL,HOTEL,24
11133,1100 PARK AVENUE,BUILDING,6
11134,THE PEMBROKE ,BUILDING,6
11135,LOTUS AT 2 BAYARD STREET,BUILDING,6
11136,W.H. CHRISTIAN & SONS,BUSINESS,19
11137,OMNI BERKSHIRE PLACE,HOTEL,1
11138,THE CHURCH OF THE TRANSFIGURATION,BUSINESS,17
11139,RETRO FITNESS WILMINGTON DELAWARE,GYM,20
11140,CHELSEA STRATUS,BUILDING,6
11141,THE PARK MILLENNIUM,BUILDING,6
11142,THE MILLENNIUM TOWER,BUILDING,24
11143,993 PARK AVENUE APARTMENTS,BUILDING,6
11144,1095 PARK AVE,BUILDING,24
11145,HOTEL CHELSEA,HOTEL,1
11146,HOTEL INDIGO WILLIAMSBURG,HOTEL,27
11147,PENDRY MANHATTAN WEST ,HOTEL,1
11148,ROLEX WATCH AT 650 FIFTH,BUSINESS,1
11149,OOB - ROOM MATE GRACE HOTEL,HOTEL,1
11150,M SOCIAL HOTEL TIMES SQUARE,HOTEL,1
11151,HOTEL PARK AVENUE,HOTEL,1
11152,WESTHOUSE HOTEL,HOTEL,1
11153,MERRION ROW HOTEL & PUBLIC HOUSE,HOTEL,1
11154,BIG MANAGEMENT,BUSINESS,26
11155,THE LEXINGTON HOTEL,HOTEL,24
11156,MOXY NYC TIMES SQUARE,HOTEL,1
11157,77 CHARLTON STREET ,BUILDING,6
11158,"ACES, INC",BUILDING,8
11159,HILTON GARDEN INN NEW YORK TIMES SQUARE SOUTH,HOTEL,24
11160,DUPLICATE - 121 EAST 22ND STREET,BUILDING,8
11161,28-30 WEST 86,BUILDING,24
11162,100 LUQUER TOWERS LLC,BUILDING,21
11163,109 SPRING STREET,BUILDING,21
11164,115 EAST 27TH,BUSINESS,21
11165,128 EAST 29TH ST,BUILDING,21
11166,1434 LEXINGTON AVENUE,BUILDING,21
11167,149 EAST 33RD STREET,BUILDING,21
11168,169 WEST 80TH STREET,BUILDING,21
11169,2025 1ST AVENUE ,BUILDING,21
11170,2060 2ND AVENUE,BUILDING,21
11171,232 EAST 82ND STREET,BUILDING,21
11172,24 EAST 81 STREET,BUILDING,21
11173,2758 CRUGER AVE,BUILDING,21
11174,305 EAST 4TH STREET,BUILDING,21
11175,325 WEST 51ST STREET,BUILDING,21
11176,328 EAST 94TH ST,BUILDING,21
11177,330 EAST 90TH STREET,BUILDING,21
11178,35 EAST 67TH  ST,BUILDING,21
11179,355 EAST 73RD STREET,BUILDING,21
11180,417 EAST 72ND STREET ,BUILDING,21
11181,351 EAST 12TH STREET,BUILDING,21
11182,1 WEST 125TH STREET ,BUILDING,21
11183,400 WEST 14TH STREET,BUILDING,21
11184,520 EAST 12TH STREET  ,BUILDING,21
11185,427 EAST 12TH STREET,BUILDING,6
11186,HARD ROCK HOTEL NEW YORK,HOTEL,17
11188,MOTTO BY HILTON NEW YORK CITY CHELSEA,HOTEL,1
11189,HYATT PLACE TIMES SQUARE,HOTEL,1
11190,418 EAST 88TH STREET,BUILDING,21
11191,OOB - CACHET BOUTIQUE HOTEL NYC,HOTEL,8
11192,410 WEST 48TH STREET,BUILDING,21
11193,406 WEST 48TH STREET,BUILDING,21
11194,329 UNION ST,BUILDING,27
11195,59-61 EAST 3RD STREET,BUILDING,21
11196,CROWN HEIGHTS ARMORY,BUILDING,6
11197,316 WEST 51ST STREET,BUILDING,21
11198,HIPPODROME SERVICES CORP ,BUSINESS,27
11199,1531 & 1535 WESTCHESTER AVENUE,BUILDING,6
11201,STARK PRODUCTION GROUP,BUSINESS,26
11202,420-428 AMSTERDAM AVENUE,BUILDING,21
11203,33 SEAPORT HOTEL,HOTEL,1
11204,43 WEST 27TH STREET,BUILDING,21
11205,ARCHER HOTEL FALLS CHURCH,HOTEL,20
11206,57-59 2ND AVENUE,BUILDING,21
11208,133 EAST 4TH STREET,BUILDING,21
11209,467 WEST 163RD STREET ,BUILDING,6
11210,TURTLE BAY HOUSE CONDO,BUILDING,17
11211,108 WEST 25TH STREET,BUILDING,17
11212,316 WEST 14TH STREET,BUILDING,21
11213,448 WEST 19TH STREET,BUILDING,21
11214,811 CORTELYOU ROAD,BUILDING,19
11215,HOTEL INDIGO WALL STREET,HOTEL,24
11219,THE DOMINICK HOTEL,HOTEL,17
11220,SALON REALTY CORPORATION,BUILDING,21
11221,THE HEALTH PUB,BUSINESS,6
11222,ALEPH PLUS MEDICAL SUPPLIES INC,BUILDING,8
11223,SOHO LOFTS,BUILDING,6
11224,BEACON HILL CLUB,BUILDING,6
11225,VILLAGE VIEWS REALTY,BUILDING,6
11226,SOMETHING DIFFERENT PARTY RENTAL,BUILDING,22
11227,CASSA HOTEL TIMES SQUARE,HOTEL,24
11228,161 WEST 4TH STREET,BUILDING,21
11229,DEVONSHIRE HOUSE ,BUILDING,6
11230,IFETA CORP DIWINE,BUSINESS,8
11231,"DZIDZI AND SON, LLC",BUSINESS,19
11232,152 2ND AVENUE,BUILDING,21
11233,ARMTECK CONSTRUCTION,BUSINESS,27
11234,RELIANCE FIRST CAPITAL BETHLEHEM,BUSINESS,20
11235,RELIANCE FIRST CAPITAL CINCINNATI,BUSINESS,20
11236,DIWINE RESTAURANT AND WINE BAR,BUSINESS,8
11237,2232 1ST AVENUE,BUILDING,24
11238,THE CLEBOURNE,BUILDING,17
11239,VETERANS CONTRACTING LLC,BUSINESS,21
11240,HAMPTON INN EMPIRE STATE BUILDING,HOTEL,1
11241,THE ALFRED ON FLEET,BUILDING,27
11242,40 PROSPECT STREET,BUILDING,6
11243,407 EAST 81ST STREET,BUILDING,21
11244,400 EAST 74TH STREET,BUILDING,17
11245,MAJOR R. OWENS HEALTH & WELLNESS COMMUNITY CENTER,BUILDING,6
11246,VANGUARD CHELSEA,BUILDING,24
11247,"CANNON POINT SOUTH, INC.",BUILDING,26
11248,24-26 JANE STREET,BUILDING,21
11249,KEELY'S CLEANING SERVICES,BUSINESS,19
11250,PIZZERIA L' ANTICA,BUSINESS,8
11251,HOTEL 57,HOTEL,1
11252,1060 PARK AVENUE,BUILDING,1
11253,THE LUCERNE HOTEL,HOTEL,1
11254,RUN THE WORLD S2,BUSINESS,22
11256,SMYTH TRIBECA,HOTEL,24
11257,BROADWAY REGENCY RESTAURANT LLC,BUSINESS,21
11258,1 GRACIE SQUARE,BUILDING,6
11259,115 CABRINI BLVD,BUILDING,6
11260,755 PARK AVENUE,BUILDING,6
11261,LASH MAKER NY,BUSINESS,1
11262,LASH XTEND,BUSINESS,1
11263,THE MELAR,BUILDING,6
11264,THE MERCER HOTEL,HOTEL,1
11265,KNICKERBOCKER VILLAGE,BUILDING,6
11266,130 WEST 57 COMPANY LLC,BUILDING,24
11267,BEDFORD COURT III LLC,BUILDING,6
11268,1280 FIFTH AVENUE,BUILDING,6
11269,ROYALTON PARK AVENUE,HOTEL,1
11270,857 5TH AVENUE,BUILDING,6
11271,EUROSTARS LANGFORD HOTEL MIAMI,HOTEL,20
11272,COURTYARD MARRIOTT CENTRAL PARK ,HOTEL,6
11273,GREENPARC HOSPITALITY,HOTEL,22
11274,116 JOHN ST ,BUILDING,24
11275,52 EAST 4TH STREET,BUILDING,24
11276,SHOREHAM HOTEL,HOTEL,1
11277,61 EASTERN PARKWAY,BUILDING,27
11278,RIVERBAY CORPORATION,BUILDING,6
11279,POD 42 TIMES SQUARE,HOTEL,17
11280,OSPREY COVE,BUILDING,6
11281,DOUBLE TREE CHELSEA,HOTEL,1
11283,7 CLERMONT AVENUE,BUILDING,27
11284,COURTYARD MARRIOTT JERSEY CITY NEWPORT,HOTEL,6
11285,210 6TH AVE,BUILDING,24
11286,DOUBLETREE NEWARK PENN STATION,HOTEL,1
11288,THE BEACON JERSEY CITY,BUILDING,6
11289,HOLIDAY INN 6TH AVE,HOTEL,1
11290,71 PARK AVENUE,BUILDING,6
11291,AZURE AT 333 EAST 91ST STREET,BUILDING,6
11292,100 NORFOLK STREET,BUILDING,6
11293,OOB - THE DECO FOOD AND DRINK,BUSINESS,1
11294,145 WEST 86TH STREET,BUILDING,6
11295,255 HUDSON STREET,BUILDING,6
11296,DUPLICATE - THE CASAMIA 36 HOTEL,HOTEL,8
11297,THE BENTLEY HOTEL,HOTEL,1
11298,88 CENTRAL PARK WEST,BUILDING,6
11299,CHELSEA LANDMARK,BUILDING,6
11300,BROOKLYN COMMUNITY PRIDE CENTER,BUILDING,27
11301,HYATT PLACE MIDTOWN SOUTH,HOTEL,24
11302,THE MARCEL AT GRAMERCY,HOTEL,1
11303,309 EAST 49TH STREET,BUILDING,6
11304,150 WEST 82ND STREET,BUILDING,6
11305,THE LANDMARK CONDOMINIUM,BUILDING,6
11306,10 EAST 85TH STREET,BUILDING,17
11307,THE PARK HOTEL MEADOWLANDS,HOTEL,17
11308,HILTON GARDEN INN CENTRAL PARK SOUTH,HOTEL,24
11310,TOWERS AT BAY RIDGE,BUILDING,6
11311,HYATT CENTRIC MIDTOWN 5TH AVENUE,HOTEL,1
11312,109 EAST 79TH STREET,BUILDING,6
11313,THE STANFORD,BUILDING,6
11315,THE OSBORNE,BUILDING,6
11316,2-12 CORBETT WAY,BUILDING,21
11317,PLACEMAKR WALL STREET,HOTEL,24
11318,SILVER TOWERS SOUTH,BUILDING,24
11319,245 10TH AVENUE,BUILDING,6
11320,316 WEST 82ND STREET,BUILDING,6
11321,POD 51 HOTEL,HOTEL,1
11322,HOLIDAY INN EXPRESS WOODSIDE,HOTEL,1
11323,PUBLIC HOTEL,HOTEL,1
11324,SUTTON HOUSE,BUILDING,6
11325,EVEN HOTEL MIDTOWN EAST,HOTEL,1
11326,408 EAST 73RD STREET,BUILDING,24
11327,2082 FREDERICK DOUGLASS BLVD,BUILDING,6
11328,TOWNEPLACE SUITES LIC MANHATTAN VIEW,HOTEL,27
11329,HOLIDAY INN EXPRESS TIMES SQUARE SOUTH,HOTEL,24
11330,ONE VANDAM CONDOMINIUM,BUILDING,24
11331,GLEN OAKS CLUB,BUSINESS,1
11332,THE ARTISAN SERIES,BUILDING,6
11333,1787 MADISON AVENUE,BUILDING,6
11334,MADISON PARK APARTMENTS,BUILDING,6
11335,DUPLICATE - STARPOINTE MANAGEMENT LLC (MB HAMPTON),BUILDING,1
11336,CODA HOTEL WILLIAMSBURG,HOTEL,1
11337,LEX BOUTIQUE HOTEL,HOTEL,1
11338,THE ARCH,BUILDING,6
11339,EMBASSY SUITES MIDTOWN,HOTEL,1
11340,HAMPTON INN MANHATTAN GRAND CENTRAL,HOTEL,17
11342,RENAISSANCE NEW YORK MIDTOWN,HOTEL,17
11344,325 EAST 57TH STREET,BUILDING,6
11345,"PISACANO MANAGEMENT GROUP, INC.",BUILDING,1
11347,BILLIONS SEASON 7 - POSSIBLE PRODUCTIONS,BUSINESS,22
11348,HOLIDAY INN EXPRESS MANHATTAN MIDTOWN WEST,HOTEL,24
11349,THE FLAT NYC,HOTEL,1
11350,MOUNT SINAI SOUTH NASSAU,BUILDING,24
11351,PHILADELPHIA MARRIOTT DOWNTOWN,HOTEL,1
11352,10 N MAIN STREET,BUILDING,6
11354,THE GEORGICA,BUILDING,24
11355,HAMPTON INN & SUITES NEWARK-HARRISON-RIVERWALK,HOTEL,17
11356,254 EAST 68TH STREET,BUILDING,24
11358,446 EAST 86TH STREET,BUILDING,24
11359,211 EAST 70TH STREET,BUILDING,24
11360,27 WEST 86TH STREET,BUILDING,24
11361,225 WEST 28TH STREET,BUILDING,24
11362,WYNDHAM MIDTOWN 45 ,HOTEL,24
11363,LITTLE SISTER,BUSINESS,24
11364,120 EAST 90TH STREET,BUILDING,1
11366,300 EAST 57TH STREET,BUILDING,1
11367,20 WEST 86TH STREET,BUILDING,24
11368,136 EAST 55TH STREET,BUILDING,1
11370,THE FIDI HOTEL,HOTEL,1
11371,40 WEST 86TH STREET,BUILDING,24
11372,LOOSIE'S,BUSINESS,24
11373,OPERA HOUSE HOTEL,HOTEL,27
11374,874 BROADWAY,BUILDING,6
11375,STELLA TOWER MASTER CONDO,BUILDING,6
11376,RITZ CARLTON NOMAD,HOTEL,1
11377,25 WEST 81ST STREET ,BUILDING,24
11378,125 NORTH 10TH STREET,BUILDING,27
11379,101 WEST 78TH STREET,BUILDING,6
11380,40 PARK AVE,BUILDING,1
11381,THE APTHORP CONDO,BUILDING,24
11382,215 EAST 68TH STREET,BUILDING,1
11383,175 EAST 79TH STREET,BUILDING,17
11384,COURTYARD MARRIOTT LONG ISLAND CITY MANHATTAN VIEW,HOTEL,27
11385,250 MERCER STREET ,BUILDING,6
11386,349 EAST 118TH STREET,BUILDING,6
11387,115 WEST 137TH STREET,BUILDING,6
11388,2228 7TH AVE,BUILDING,6
11389,DUPLICATE - CHEMSEARCH FE,BUSINESS,8
11390,BEST WESTERN PLUS SOHO HOTEL,HOTEL,1
11391,405 EAST 78TH STREET,BUILDING,17
11392,443 EAST 78TH STREET,BUILDING,17
11394,1556 2ND AVENUE,BUILDING,21
11395,322 EAST 74TH STREET,BUILDING,21
11396,1382 FIRST AVENUE,BUILDING,21
11397,30 EAST 23RD STREET,BUILDING,21
11398,36 LINDEN STREET,BUILDING,27
11399,317 SECOND AVENUE,BUILDING,21
11400,350 THIRD AVENUE,BUILDING,21
11401,77 EAST 12TH STREET,BUILDING,1
11402,57 SECOND AVENUE,BUILDING,8
11403,THE KALAHARI CONDO,BUILDING,6
11404,240 EAST 93RD STREET,BUILDING,17
11405,104 WOOSTER STREET,BUILDING,6
11406,299 WEST 12TH STREET CONDO,BUILDING,17
11407,52 THIRD AVENUE,BUILDING,6
11408,55 WEST 95TH STREET,BUILDING,17
11409,MAGNOLIA DUMBO,BUILDING,6
11410,DUPLICATE - RETRO FITNESS FAIRFIELD,GYM,8
11411,RETRO FITNESS FAIRFIELD,GYM,8
11414,315 WEST 70TH STREET,BUILDING,17
11415,PARK HOUSE,BUILDING,17
11416,398 WEST BROADWAY,BUILDING,21
11417,436 WEST BROADWAY,BUILDING,21
11418,68 WEST THIRD STREET,BUILDING,21
11419,224 WEST 16TH STREET,BUILDING,21
11420,86 KENMARE STREET ,BUILDING,8
11421,229 EAST 84TH STREET,BUILDING,21
11423,250 WEST 20TH STREET,BUILDING,21
11424,26 CARMINE STREET,BUILDING,21
11425,357 BOWERY,BUILDING,21
11426,205 WEST 102ND STREET,BUILDING,21
11427,217 EAST 33RD STREET,BUILDING,21
11428,167 BLEECKER STREET,BUILDING,21
11429,428-430 LAFAYETTE STREET,BUILDING,21
11430,56 EAST 34TH STREET,BUILDING,21
11431,60 EAST 34TH STREET,BUILDING,21
11432,86 KENMARE STREET,BUILDING,21
11433,415 MAIN STREET,BUILDING,17
11434,242 COLUMBUS AVENUE,BUILDING,21
11435,235 EAST 82ND STREET,BUILDING,21
11436,207 SULLIVAN STREET,BUILDING,21
11437,579 HUDSON STREET,BUILDING,21
11441,HOTEL BARRIERE FOUQUET'S,HOTEL,1
11442,THOMAS DETORE,,22
11443,PENNY LANE OWNERS CORP.,BUILDING,17
11444,OOB - SWIFTARC VENTURES,BUSINESS,1
11445,520 EAST 86TH STREET,BUILDING,17
11446,DUPLICATE - THE KNICKERBOCKER HOTEL,HOTEL,8
11447,THE KNICKERBOCKER HOTEL,HOTEL,24
11448,CIVILIAN HOTEL,HOTEL,1
11449,SPRINGHILL SUITES MIDTOWN PARK AVENUE,HOTEL,24
11451,GRAPETREE BAY HOTEL & VILLAS,HOTEL,20
11452,THREE LINCOLN CENTER CONDO,BUILDING,6
11453,149 EAST 73RD STREET,BUILDING,24
11454,Allied Partners,,22
11455,MOXY WILLIAMSBURG,HOTEL,1
11456,1 WEST END AVENUE,BUILDING,6
11457,Sparrow Asset Management ,,22
11458,1600 BROADWAY,BUILDING,17
11459,HOTEL SHOCARD,HOTEL,1
11460,143 WEST 20TH STREET,BUILDING,17
11461,CROWNE PLAZA HY36 MIDTOWN,HOTEL,24
11462,DUPLICATE - 45 PARK AVE,,8
11463,Crowne Plaza HY 36 Midtown,,1
11464,EL FARO SDA CHURCH,BUSINESS,19
11465,2283 THIRD AVENUE,BUILDING,21
11466,COURTYARD MARRIOTT WESTBURY LONG ISLAND,HOTEL,1
11467,225 EAST 74TH STREET,BUILDING,17
11469,1349 LEXINGTON AVENUE,BUILDING,6
11470,285 WEST BROADWAY,BUILDING,21
11471,LE MERIDIEN CENTRAL PARK,HOTEL,1
11472,1991 BROADWAY AVE,BUILDING,6
11474,ART HOUSE CONDOMINIUM,BUILDING,6
11475,20 BROAD STREET,BUILDING,24
11476,389 EAST 89TH STREET,BUILDING,24
11477,RPT AUTO REPAIR INC.,BUSINESS,8
11478,111 CENTRAL PARK NORTH,BUILDING,6
11479,505 WEST 47TH STREET,BUILDING,22
11480,Grabbeez LLC,,22
11481,41 WEST 96TH STREET,BUILDING,6
11482,510 MADISON AVENUE,BUILDING,24
11483,TOWNEPLACE SUITES TIMES SQUARE,HOTEL,24
11484,VANDEWATER,BUILDING,6
11485,QUAKER RIDGE,BUILDING,6
11486,ONE ARCHER,BUILDING,26
11487,GRAYSON HOTEL,HOTEL,1
11488,512 EAST 83RD STREET,BUILDING,6
11489,MOXY EAST VILLAGE,HOTEL,1
11490,201 EAST 79TH STREET,BUILDING,17
11491,GO ORGANIC CLEANING LLC,BUILDING,19
11492,IBEROSTAR 70 PARK AVENUE,HOTEL,24
11493,BLUE ANGEL HOTEL,HOTEL,1
11494,THE GRAMERCY PLACE CONDO,BUILDING,21
11495,DUPLICATE - HILTON GARDEN INN FINANCIAL,,8
11496,MID PRODUCTION LLC,,20
11497,1020 PARK AVENUE,BUILDING,17
11498,CHRISTODORA HOUSE CONDOMINIUM,BUILDING,17
11499,"Winston Towers 200 Association, Inc",,1
11502,301 EAST 52ND STREET,BUILDING,6
11503,25 BOND STREET,BUILDING,17
11504,126 WEST 73RD STREET,BUILDING,6
11505,MOXY LOWER EAST SIDE,HOTEL,1
11506,WINSTON TOWERS 200,BUILDING,24
11507,NEWPORT EAST,BUILDING,17
11508,140 EAST 83RD STREET,BUILDING,24
11509,THE PHILLIPS CLUB,HOTEL,24
11510,FAIRFIELD INN MANHATTAN CENTRAL PARK,HOTEL,24
11511,514 WEST END AVENUE,BUILDING,24
11512,166 DUANE STREET,BUILDING,17
11513,1085 PARK AVENUE,BUILDING,17
11514,HILTON CLUB THE CENTRAL AT 5TH NEW YORK,HOTEL,26
11515,555 KAPPOCK STREET,BUILDING,27
11516,115 NORFOLK STREET,BUILDING,6
11517,Indigo Williamsburg Brooklyn,,22
11518,UNTITLED NY CHRISTMAS PROJECT,BUSINESS,22
11520,15 HUBERT STREET,BUILDING,6
11521,FIVE27 CONDOMINIUM,BUILDING,6
11522,INSOURCE SUPPLIES,BUSINESS,19
11523,180 WATER STREET,BUILDING,24
11524,EVEREST LIFE SCIENCES LLC,BUSINESS,6
11525,EVEN HOTEL TIMES SQUARE SOUTH,HOTEL,24
11526,BMK LLC,BUSINESS,6
11527,CRUNCH FITNESS SPRINGFIELD,GYM,8
11528,LIRA APARTMENT CO.,BUILDING,1
11531,THE DEVON CONDOMINIUM,BUILDING,1
11532,402 EAST 90TH STREET,BUILDING,6
11533,HOTEL HENDRICKS,HOTEL,1
11534,VIRGIN HOTELS,HOTEL,1
11535,THE TIME HOTEL NEW YORK,HOTEL,1
11536,MODERNHAUS SOHO,HOTEL,1
11537,Perpetual Hustle LLC,,22
11538,THE BASEMENT HOBOKEN,GYM,8
11539,TOWNEPLACE SUITES BROOKLYN,HOTEL,27
11540,480 MAIN STREET,BUILDING,6
11541,4615 CENTER BLVD,BUILDING,26
11543,4545 CENTER BLVD,BUILDING,26
11545,FITZPATRICK MANHATTAN HOTEL,HOTEL,24
11546,FITZPATRICK GRAND CENTRAL,HOTEL,1
11547,POINCIANA VILLAS INC,HOTEL,27
11548,SHAWARMA VS FALAFEL CORP,BUSINESS,19
11549,CUSTOMER SERVICE,,8
11550,Mercer hotel,,22
11551,DO NGAK KUNPHEN LING,BUSINESS,20
11552,1107 FIFTH AVENUE,BUILDING,24
11553,VENDOR PICKUP,,8
11554,NINE ORCHARD HOTEL,HOTEL,1
11555,HILTON GARDEN INN JFK,HOTEL,26
11556,LE MERIDIEN FIFTH AVENUE,HOTEL,1
11557,CORTE CONDOMOMINIUM,BUILDING,27
11558,BRANDYWINE ASSISTED LIVING AT SUMMIT ,BUSINESS,17
11559,PARK TERRACE HOTEL,HOTEL,17
11560,ST TROPEZ BUILDING,BUILDING,6
11561,THE READING ROOM,BUSINESS,21
11562,ASTEN HOUSE,BUILDING,6
11563,RS INTEGRATED SUPPLY US INC.,BUSINESS,1
11564,HOLIDAY INN NYC - LOWER EAST SIDE,HOTEL,24
11566,OOB - THE MINT,BUSINESS,1
11567,CANOPY BY HILTON JERSEY CITY ARTS DISTRICT,HOTEL,27
11568,HIGHBRIDGE HOTEL,HOTEL,1
11569,THE IVORY PEACOCK,BUSINESS,19
11570,THE LODGE RED HOOK,HOTEL,27
11571,LAVAN CHELSEA,BUSINESS,21
11572,ONE WALL STREET ,BUILDING,24
11573,THE PORT AUTHORITY OF NY & NJ,BUSINESS,6
11574,ROYALTON HOTEL,HOTEL,1
11575,CHEMSEARCH FE,BUSINESS,20
11576,SOUTHRIDGE SECTION 4,BUILDING,17
11577,ALOFT NEW YORK BROOKLYN,HOTEL,6
11578,ECOMMARCE LLC,,20
11579,HOLIDAY INN LIC LAGUARDIA WEST,HOTEL,27
11580,THE COLORADO,BUILDING,6
11581,SHERATON BROOKLYN NEW YORK,HOTEL,6
11582,ARLO WILLIAMBURG,HOTEL,1
11583,ARRAY / BEAM LIVING,BUILDING,21
11584,DYNASTY,HOTEL,6
11585,112 EAST 74TH STREET,BUILDING,17
11586,OTTO AT OLD RIVER ROAD,BUILDING,24
11587,VISTA LIC HOTEL,HOTEL,27
11588,251 CONDOMINIUM (THE ADMASTON),BUILDING,24
11589,SPRINGHILL SUITES/TOWNEPLACE SUITES CHELSEA,HOTEL,1
11590,GOTHAM WEST,BUILDING,17
11592,THE ASHLAND,BUILDING,26
11593,THE RUTLAND,BUILDING,27
11594,KANE ENTERPRISES,BUSINESS,19
11595,THE GLOUCESTER,BUILDING,24
11596,ADVANCED AIR DUCT CLEANING,BUSINESS,21
11597,365 BOND STREET,BUILDING,27
11601,200 EAST 62ND STREET,BUILDING,17
11602,STEWART HOUSE,BUILDING,17
11603,HOTEL HENRI,HOTEL,17
11604,Leahmels,,22
11605,HALFMOON HARBOUR,BUILDING,6
11606,THE ANABLE,BUILDING,27
11608,AMAZIN STAYS,BUSINESS,1
11609,THE BALTIC HOTEL,HOTEL,1
11610,THE VENETO,BUILDING,17
11611,THE BELLEMONT,BUILDING,6
11612,200 EAST 83RD STREET,BUILDING,6
11613,THE UMBRELLA FACTORY,BUILDING,6
11614,DUPLICATE - METROPOLITAN PACKAGING,,8
11615,MOTTO BY HILTON TIMES SQUARE,HOTEL,1
11616,NEW YORK MARRIOTT AT THE BROOKLYN BRIDGE,HOTEL,1
11617,DSN BEACH CLUB,BUSINESS,1
11618,PESTANA PARK AVENUE,HOTEL,1
11619,TEMPO BY HILTON TIMES SQUARE,HOTEL,1
11620,24 CORNELIA STREET,BUILDING,17
11621,THE SYCAMORE CONDOMINIUM,BUILDING,24
11622,W HOBOKEN HOTEL,HOTEL,6
11623,THE RESIDENCES AT WORLDWIDE PLAZA,BUILDING,17
11624,INTERCONTINENTAL NEW YORK BARCLAY,HOTEL,1
11625,The Brooklyn Brewery Corp.,,22
11626,RENAISSANCE NEW YORK CHELSEA,HOTEL,17
11627,EZ BUILDING MAINTENANCE,BUSINESS,17
11628,THE OPUS WESTCHESTER,HOTEL,27
11629,BRYANT PARK HOTEL,HOTEL,24
11630,65 CENTRAL PARK WEST,BUILDING,17
11631,THE WEEKS LERMAN GROUP,BUSINESS,1
11632,36 EAST 72ND STREET,BUILDING,24
11633,PLYMOUTH TOWER,BUILDING,17
11634,SPRINGHILL SUITES FIFTH AVENUE,HOTEL,17
11635,1289 LEXINGTON CONDOMINIUM,BUILDING,24
11636,355 WEST 108TH STREET,BUILDING,6
11637,COURTYARD MARRIOTT SOHO,HOTEL,24
11638,MOSTRADOR NYC,BUSINESS,21
11639,THE WALL STREET HOTEL,HOTEL,1
11640,160 WEST END AVENUE,BUILDING,6
11641,HOLTZ HOUSE CONDO,BUILDING,17
11642,BMK SHOPS,,20
11643,RENAISSANCE HARLEM,HOTEL,6
11644,Courtyard Marriott,,22
11645,AION MANAGEMENT LLC,,20
11646,1070 PARK AVENUE,BUILDING,17
11647,200 AMSTERDAM,BUILDING,1
11648,Prado Essentials L.L.C,,20
11649,THE GREENPOINT,BUILDING,27
11650,RAY CATENA MERCEDES BENZ,BUSINESS,1
11651,BANH MI BOYS,BUSINESS,20
11652,144 NORTH 8TH STREET,BUILDING,27
11653,13 WEST 13TH STREET,BUILDING,6
11654,1 SUTTON PLACE SOUTH,BUILDING,6
11655,LANGDALE OWNER'S CORP,BUILDING,26
11656,WALKING BILLBOARD PROMOTIONS,BUSINESS,19
11657,HOTEL INDIGO FINANCIAL DISTRICT,HOTEL,24
11658,425 MAIN STREET,BUILDING,6
11659,TOWER WEST,BUILDING,6
11660,415 EAST 80TH STREET,BUILDING,6
11661,THE BROOKLYN TOWER,BUILDING,17
11662,Quality Nation,,20
11663,THE ASTON CONDOMINIUM,BUILDING,27
11665,THE WESTBURY,BUILDING,6
11666,AKA NOMAD,HOTEL,1
11667,IGON CONSTRUCTION,BUSINESS,19
11668,FRESCO'S GRAND CANTINA,BUSINESS,19
11669,Hyatt place LIC,,22
11670,RAY CATENA SERVICE CENTER,,8
11672,MOUNT SINAI 5TH AVENUE,BUILDING,24
11673,HOTEL EXECUTIVE SUITES,HOTEL,17
11674,565 PARK AVENUE,BUILDING,6
11675,MANHATTAN PLACE CONDOMINIUM,BUILDING,1
11676,BACCARAT HOTEL,HOTEL,1
11677,215 EAST 79TH STREET,BUILDING,17
11678,AMERITANIA TIMES SQUARE,HOTEL,1
11679,MAYFAIR HOTEL,HOTEL,1
11680,580 PARK AVENUE,BUILDING,24
11681,ALOFT CHELSEA,HOTEL,1
11682,WHITE HALL ENNISMORE 37 LLC,BUSINESS,6
11683,5 RIVER PARK,BUILDING,27
11684,HARMONY SUITES SECAUCUS MEADOWLANDS,HOTEL,17
11685,HOLIDAY INN FINANCIAL DISTRICT,HOTEL,17
11687,155 EAST 72ND STREET,BUILDING,6
11688,COURTYARD MARRIOTT SECAUCUS MEADOWLANDS,HOTEL,17
11689,THE MELROSE HOTEL,HOTEL,27
11690,THE ALAMEDA,BUILDING,24
11691,1825 MADISON AVENUE,BUILDING,6
11692,MODERNE HOTEL,HOTEL,1
11693,49 EAST 86TH STREET,BUILDING,6
11694,THE CHARLESTON CONDO,BUILDING,6
11695,taurutechllc,,20
11696,The Mint Restaurant,,1
11697,200 EAST 79TH STREET,BUILDING,17
11698,STARLIGHT HOTEL,HOTEL,27
11699,116 EAST 66TH STREET,BUILDING,17
11700,STAR TOWER,BUILDING,17
11701,COURTYARD MARRIOTT MANHATTAN CHELSEA,HOTEL,24
11702,EAST VILLAGE PROPERTY MANAGEMENT,BUILDING,17
11703,FOUR POINTS BY SHERATON SOHO VILLAGE,HOTEL,24
11704,FAIRFIELD INN MANHATTAN DOWNTOWN EAST,HOTEL,24
11705,HOTEL AKA ALEXANDRIA,HOTEL,20
11706,THORTON BURNS OWNERS,BUILDING,27
11707,SAINT TUESDAY,BUSINESS,24
11708,83-85 1ST AVENUE,BUILDING,6
11709,TRINITY SCHOOL,BUSINESS,1
11710,"CENTURY MANAGEMENT SERVICES, INC.",BUILDING,6
11711,Express super deals,,20
11712,NOOR STAFFING GROUP LLC,HOTEL,19
11713,UNITED CONSTRUCTION & DEVELOPMENT GROUP,BUSINESS,21
11714,782 WEST END AVENUE,BUILDING,6
11715,ROOST KELLY DRIVE,HOTEL,1
11716,HIDE ROOFTOP,BUSINESS,1
11717,Brown Harris,,22
11718,DUPLICATE - AKA UNIVERSITY CITY,,8
11719,17 EAST 89TH STREET,BUILDING,6
11720,HYATT CENTRIC WALL STREET,HOTEL,24
11721,WHITEHALL ENNISMORE 18 LLC,BUSINESS,6
11722,17 CORNELIA STREET,BUILDING,6
11723,RIVERWOOD OWNERS INC YONKERS,BUILDING,27
11724,RAFFLES & FAIRMONT CORPORATE OFFICE,BUSINESS,1
11725,EMPIRE HOTEL,HOTEL,1
11726,HILTON GARDEN INN CHELSEA,HOTEL,1
11727,SPRINGHILL SUITES JFK AIRPORT/JAMAICA,HOTEL,27
11728,THE NEW YORKER,BUILDING,6
11729,RAY CATENA MERCEDES BENZ UNION,BUSINESS,1
11730,THE MUSE NEW YORK,HOTEL,1
11731,THE MERRION,BUILDING,17
11732,LAVAN MIDTOWN,BUSINESS,21
11733,RAY CATENA INFINITI BRIDGEWATER,BUSINESS,1
11734,THE RANCH,HOTEL,6
11735,RAY CATENA LEXUS OAKHURST,BUSINESS,1
11736,"ELSBETH SEASON 1 - CBS STUDIOS, INC.",BUSINESS,22
11737,HOLIDAY INN EXPRESS MASPETH,HOTEL,1
11738,RAY CATENA BMW WESTCHESTER,BUSINESS,1
11739,RAY CATENA LEXUS LARCHMONT,BUSINESS,1
11740,Boston Properties,,22
11741,Gun Hill Deli Co,,22
11742,290 WEST STREET CONDOMINUM,BUILDING,24
11743,SALES REP - MEETING ACCOUNT,BUSINESS,22
11744,500 WAVERLY PLACE,BUILDING,6
11745,SHOKAI 5TH AVENUE,BUILDING,24
11746,4/70 OWNERS CORP.,BUILDING,6
11747,3/69 OWNERS CORP,BUILDING,6
11748,CLAREMONT HALL,BUILDING,6
11749,DUPLICATE - EDGE 31,BUILDING,8
11750,EDGE 31,BUILDING,17
11751,Renaissance Times Square,,1
11752,WATT HOTEL RAHWAY,HOTEL,1
11753,108 EAST 81ST STREET,BUILDING,21
11754,443 WEST 56TH STREET,BUILDING,21
11755,THE ANDREW HOTEL,HOTEL,27
11756,AMERICANA INN,HOTEL,1
11757,1065 PARK AVENUE,BUILDING,6
11758,TRUMP TOWER,BUILDING,1
11759,DUPLICATE - TRUMP TOWER,BUILDING,8
11760,CALLAHEAD CORP,BUSINESS,6
11761,Q HOTEL,HOTEL,6
11762,THE GRETSCH CONDOMINIUM,BUILDING,26
11763,AKA University City,,20
11765,NEW YORK BARIATRIC GROUP,BUSINESS,2
11766,2098 FREDERICK DOUGLASS BLVD,BUILDING,6
11767,HOTEL EDISON,HOTEL,1
11768,LIGHTHOUSE EVENT STAFFING LLC,BUSINESS,19
11769,401 WEST PROPERTY LLC,HOTEL,6
11770,BALLY RIBBON MILLS,BUSINESS,2
11771,310 EAST 70TH STREET,BUILDING,24
11772,165 CHARLES STREET,BUILDING,6
11773,WALSH GROUP,BUSINESS,1
11774,AKA WASHINGTON CIRCLE,HOTEL,1
11775,FASANO FIFTH AVENUE,HOTEL,1
11776,HOTEL 48LEX,HOTEL,1
11777,FASANO RESTAURANT,BUSINESS,1
11778,LULLA RESTAURANT,BUSINESS,21
11779,MICHAEL J FOX FOUNDATION,BUSINESS,17
11780,Hyatt Place Long Island City/NYC,,22
11781,Hyatt Place Long Island City/NYC,,22
11782,1400 FIFTH AVENUE,BUILDING,6
11783,DBA BEST CHOICE ROOFING EMERALD COAST,BUSINESS,24
11784,380 WEST 12TH STREET,BUILDING,6
11785,180 WEA OWNERS CORP,BUILDING,6
11786,MANDARIN ORIENTAL NEW YORK,HOTEL,1
11787,HUDSON HILL CONDOMINIUM,BUILDING,6
11788,MARRIOTT JFK AIRPORT,HOTEL,1
11789,EDWARDS CONSTRUCTION,BUSINESS,2
11790,Top General Merchandise,,2
11791,160 LEROY STREET,BUILDING,6
11792,THE EPIC,BUILDING,1
11793,THE ORION,BUILDING,6
11794,ALOFT DOWNTOWN FINANCIAL DISTRICT,HOTEL,24
11795,RIALTO-CAPITOL CONDOMINIUMS,BUILDING,6
11796,WHITES APOTHECARY,BUSINESS,17
11797,CONEY ISLAND ASSOCIATES PHASE 2 LLC,BUILDING,6
11798,SAINT PETER'S PREP,BUSINESS,1
11799,SELA RYERSON LLC,BUSINESS,1
11800,LINDENS,BUSINESS,21
11801,GRAMERCY PARK TOWERS,BUILDING,1
11802,ALTAIR RESTAURANT,HOTEL,21
11803,WINGATE BY WYNDHAM DENVER AIRPORT,HOTEL,17
11804,HAMPTON INN YONKERS WESTCHESTER,HOTEL,27
11805,105-115 BENNETT AVENUE,BUILDING,6
11806,EAST VILLAGE HOTEL,HOTEL,1
11807,Jacky,,2
11808,THE ALDERMAN,BUSINESS,21
11809,HILTON GARDEN INN ATLANTA BUCKHEAD,HOTEL,24
11810,HILTON REALTY CO. LLC,BUILDING,1
11811,THE SURREY,HOTEL,1
11812,COURTYARD MARRIOTT WASHINGTON DC CAPITOL,HOTEL,17
11813,RAY CATENA JLR EDISON,BUSINESS,1
11814,FAIRFIELD INN CHELSEA,HOTEL,1
11815,BENJAMIN OFFICE SUPPLY,BUSINESS,1
11816,SWING STAGING LLC,BUSINESS,17
11817,HOME2 SUITES BY HILTON BALTIMORE / ABERDEEN,HOTEL,17
11818,HILTON BALTIMORE BWI AIRPORT,HOTEL,17
11819,"SHEPPARD ENTERPRISES, INC",BUSINESS,1
11820,300 WEST 30TH STREET,BUILDING,17
11821,COURTYARD MARRIOTT SEATTLE SEATAC AIRPORT,HOTEL,24
11822,COURTYARD MARRIOTT SAN DIEGO MISSION VALLEY ,HOTEL,24
11825,THE PEARL ,BUILDING,6
11826,A ROYAL FLUSH,BUSINESS,6
11827,SUPERIOR INK CONDOMINIUM,BUILDING,6
11828,TIGRE,BUSINESS,1
11829,GREENBACKER CAPITAL,BUSINESS,1
11830,TOREN CONDOMINIUM,BUILDING,6
11831,SAN CARLOS HOTEL,HOTEL,24
11832,HUDSON VIEW WEST CONDOMINIUM,BUILDING,24
11833,THE MARLTON HOTEL,HOTEL,1
11834,HYATT CENTRIC DOWNTOWN MINNEAPOLIS,HOTEL,24
11835,HAMPTON INN TIMES SQUARE SOUTH,HOTEL,24
11836,THE LUDLOW HOTEL,HOTEL,1
11837,NORTHERN CNY,BUSINESS,1
11838,VICTORIA HOUSE,BUILDING,24
11839,THE MAYFAIR,BUILDING,17
11840,REDFORD HOTEL,HOTEL,1
11841,1100 MYRTLE AVENUE,BUILDING,6
11842,THE BERNIC HOTEL,HOTEL,24
11843,Sealed Air/RS Integrated,,2
11844,THE MARMARA,BUILDING,6
11845,ORCHARD STREET HOTEL,HOTEL,1
11846,THE MARMARA PARK AVENUE,HOTEL,1
11847,RS intergrated supply,,2
11848,TrueSaber LLC,,2
11849,THE BOWERY HOTEL,HOTEL,1
11850,HERO BEACH CLUB,BUSINESS,27
11851,ONE DUTCH HOTEL,HOTEL,1
11852,FOUR POINTS BY SHERATON FLUSHING,HOTEL,27
11853,15 WEST 81ST STREET,BUILDING,6
11854,ONE UN PARK,BUILDING,6
11855,THE GATSBY HOTEL,HOTEL,1
11856,ANDAZ 5TH AVENUE,HOTEL,1
11857,SPRUCE RIDGE HOUSE,BUILDING,24
11858,401 West Property LLC,,2
11859,LEIGHTON HOUSE,BUILDING,6
11860,WINSTON FLOWERS,BUSINESS,17
11861,THE MANNER,HOTEL,1
11862,HOFFMAN CLEANING SERVICES,BUSINESS,24
11863,O HOTEL BY LUXURBAN,HOTEL,1
11864,THE PARK CLINTON,BUILDING,24
11865,THE HERALD BY LUXURBAN,HOTEL,1
11866,TUSCANY BY LUXURBAN,HOTEL,1
11867,HOTEL 27 BY LUXURBAN,HOTEL,1
11868,LAFAYETTE HOTEL BY LUXURBAN,HOTEL,1
11869,THE BLAKELY HOTEL BY LUXURBAN,HOTEL,1
11870,150 EAST 73RD STREET,BUILDING,17
11871,VARIETY HOTEL BY LUXURBAN,HOTEL,1
11872,Michael J Fox Foundation ,,2
11873,BROOKDALE UNIVERSITY HOSPITAL MEDICAL CENTER,BUSINESS,14
11874,DELTA HOTELS MARRIOTT BASKING RIDGE,HOTEL,1
11875,THE STANDARD HIGH LINE,HOTEL,1
11876,ASTOR TERRACE CONDOMINIUM,BUILDING,6
11877,THE WASHINGTON BY LUXURBAN,HOTEL,1
11878,TEANECK MARRIOTT AT GLENPOINTE,HOTEL,17
11879,HAMPTON INN & SUITES NEWTOWN,HOTEL,17
11880,COURTYARD MARRIOTT NORTH BRUNSWICK,HOTEL,17
11881,COURTYARD MARRIOTT MIDTOWN EAST,HOTEL,1
11882,121 WEST 72ND STREET,BUILDING,6
11883,126 29TH STREET,BUILDING,6
11884,477 GERARD AVENUE,BUILDING,1
11885,PAVILION CONDO,BUILDING,6
11886,444 Park Avenue South Owner LLC/Mondrian Hotel,,2
11887,SL CLEAN TECH SERVICE SOLUTIONS,BUSINESS,1
11888,ONE RIVERSIDE PARK CONDOMINIUM,BUILDING,6
11889,FAIRFIELD INN & SUITES PARSIPPANY,HOTEL,17
11890,SPRINGHILL SUITES WOODBRIDGE,HOTEL,17
11891,THE TILLARY HOTEL,HOTEL,1
11892,BEHOME BY LUXURBAN,HOTEL,1
11893,MINUET,BUILDING,1
11894,Jersey City Newport Courtyard ,,2
11895,FOLLOWERS OF JESUS SCHOOL,BUSINESS,21
11896,95 SMITH STREET,BUILDING,6
11897,THE OCTAVIA,BUILDING,6
11898,CONDOR HOTEL BY LUXURBAN,HOTEL,1
11899,THE MANCHESTER ,BUILDING,6
11900,THE ROOSEVELT HOTEL,HOTEL,1
11901,620 BROADWAY,BUILDING,6
11902,ROLEX WATCH JACX,BUSINESS,1
11903,FAIRFIELD INN MAHWAH,HOTEL,17
11904,FAIRFIELD INN ROCKAWAY,HOTEL,17
11905,HAMPTON INN PARSIPPANY NORTH,HOTEL,17
11906,209 WEST 104TH STREET,BUILDING,6
11907,San Remo Tenants Corp,,2
11908,420 EAST 72ND STREET,BUILDING,6
11909,HOTEL 46 BY LUXURBAN,HOTEL,1
11910,LENOX HOUSE ,BUILDING,6
11911,FAIRFIELD INN MANHATTAN FIFTH AVENUE,HOTEL,1
11912,Rose associates,,2
11913,BAR LAB AT MOXY WILLIAMSBURG,BUSINESS,1
11914,HOTEL ALAMEDA,HOTEL,1
11915,WNC LAUNDRY,BUSINESS,1
11916,TJDC ATMS LLC,BUSINESS,1
11917,THE STANDARD EAST VILLAGE,HOTEL,1
11918,268 WEST 44TH STREET,BUILDING,6
11919,INTERCONTINENTAL NEW YORK TIMES SQUARE,HOTEL,6
11920,J CONDO,BUILDING,6
11921,M&R HOTEL MANAGEMENT,HOTEL,1
11922,QUADRUM HOSPITALITY GROUP LLC,BUSINESS,1
11923,AXEL PROTECTION SYSTEMS INC,BUSINESS,8
11924,LUMINA HR,BUSINESS,1
11925,MAJIK CLEANING SERVICE,BUSINESS,2
11926,266 WEST 96TH STREET,BUILDING,17
11927,SKYVIEW ON THE HUDSON,BUILDING,27
11928,THE BELNORD,BUILDING,6
11929,BANDA STONE GALLERY,BUSINESS,17
11930,SANDS HARBOR RESORT & MARINA,HOTEL,1
11931,HOLIDAY INN EXPRESS TIMES SQUARE,HOTEL,24
11932,CANDLEWOOD SUITES TIMES SQUARE,HOTEL,24
11933,LITTLE CHARLIE HOTEL,HOTEL,1
11934,SOLITA SOHO HOTEL,HOTEL,1
11935,Hampton Inn & Suites Parsippany North,,2
11936,THE EDGEWATER,BUILDING,17
11937,THE LOMBARDY HOTEL,HOTEL,1
11938,EUROSTARS WINTER HAVEN,HOTEL,1
11939,FOUR SEASONS HOTEL NEW YORK,HOTEL,1
11940,LA QUINTA INN & SUITES BY WYNDHAM TIMES SQ SOUTH,HOTEL,24
11941,OLD WESTBURY GOLF & COUNTRY CLUB,BUSINESS,1
11942,SAVI SOLUTIONS LLC,,2
11943,"HUGH O' KANE ELECTRIC COMPANY, INC.",BUSINESS,6
11945,THE WESTIN GRAND CENTRAL,HOTEL,1
11946,AURA HOTEL TIMES SQUARE,HOTEL,17
11947,Renaissance Newark Airport,,2
11948,47 EAST 91ST STREET,BUILDING,6
11949,THE NED NOMAD,HOTEL,1
11950,RENAISSANCE NEWARK AIRPORT,HOTEL,1
11951,THE ROYAL,BUILDING,6
11952,LEON HOTEL,HOTEL,1
11953,CARNEGIE MEWS,BUILDING,6
11954,DOUBLETREE JERSEY CITY,HOTEL,6
11955,SQUARE HOTEL AT TIMES SQUARE,HOTEL,1
11956,Aloft Chelsea,,2
11957,Building Equity ,,2
11958,430 MAIN STREET,BUILDING,6
11959,EQUINOX HOTEL NEW YORK,HOTEL,6
11960,Rose Associates,,2
11961,93 CROSBY STREET,BUILDING,17
11962,254 PARK AVENUE SOUTH,BUILDING,17
11963,HARVARD CLUB OF NYC,HOTEL,1
11964,45 ARGYLE ROAD,BUILDING,6
11965,415 WEST 13TH STREET,BUILDING,6
11966,102 AVENUE B,BUILDING,17
11967,PARAMOUNT HOTEL TIMES SQUARE,HOTEL,1
11968,PERMANENT MISSION OF YEMEN,BUSINESS,17
11969,351 EAST 118TH STREET,BUILDING,6
11970,LAFERRARA PROPERTIES,BUSINESS,6
11971,THE MONARCH,BUILDING,17
11972,5-42 51ST AVENUE,BUILDING,17
11973,THE BERKELEY OCEANFRONT HOTEL,HOTEL,1
11974,THE INDEPENDENT,BUILDING,6
11975,THE KIMBERLY BUILDING,BUILDING,6
11976,THE WESLEY,BUILDING,6
11977,THE JUDE,BUILDING,6
11978,THE PAIGE,BUILDING,6
11979,THE STELLA,BUILDING,6
11980,THE EMMA,BUILDING,6
11981,THE CATHERINE,BUILDING,6
11982,THE NINA,BUILDING,6
11983,THE JADE,BUILDING,6
11984,THE NOELLE,BUILDING,6
11985,THE SABAH,BUILDING,6
11986,THE BEATRIZ,BUILDING,6
11987,THE CAMILLE,BUILDING,6
11988,THE SOPHIE,BUILDING,6
11989,THE LESLIE,BUILDING,6
11990,THE EDEN,BUILDING,6
11991,THE GWEN,BUILDING,6
11992,THE LILI,BUILDING,6
11993,THE SYDNEY,BUILDING,6
11994,THE DAISY,BUILDING,6
11995,THE WHITNEY,BUILDING,6
11996,THE LORRAINE,BUILDING,6
11997,THE EMILY,BUILDING,6
11998,THE LAUREN,BUILDING,6
11999,THE QUINN,BUILDING,6
12000,THE LINDSAY,BUILDING,6
12001,THE AMY,BUILDING,6
12002,THE AMBER,BUILDING,6
12003,THE ALLAIRE,BUILDING,6
12004,CASA TUA NEW YORK,BUSINESS,1
12005,266 WEST 21ST STREET,BUILDING,6
12006,"ELSBETH SEASON 2 - CBS STUDIOS, INC.",BUSINESS,17
12007,MILLENNIUM HOTEL BROADWAY TIMES SQUARE,HOTEL,17
12008,63 WEST LLC,BUILDING,1
12009,Colker Janitorial Supplies,,2
12010,233 BUTLER STREET,BUILDING,17
12011,135 WEST 14TH STREET,BUILDING,6
12012,RESIDENCE INN WORLD TRADE CENTER,HOTEL,6
12013,VIBE FITNESS,GYM,1
12014,443 GREENWICH STREET,BUILDING,24
12015,THE ROSELYN,BUILDING,6
12016,THE LUXURY COLLECTION HOTEL MIDTOWN,HOTEL,1
12017,WARREN LOFTS CONDOMINIUM,BUILDING,6
12018,INK 48 HOTEL,HOTEL,1
12019,PARC VENDOME,BUILDING,24
12020,77 GREENWICH,BUILDING,24
12021,MAXIME'S CLUB,BUSINESS,26
12022,CRIMINAL COURT OF NEW YORK CITY CENTRAL SERVICE,BUSINESS,17
12023,NICOS CLEANING SERVICES CORP,BUSINESS,1
12024,953 FIFTH AVENUE CORPORATION,BUILDING,24
12025,MOXY MIAMI WYNWOOD,HOTEL,1
12026,47 WEST 13TH STREET,BUILDING,17
12027,HOTEL LE JOLIE,HOTEL,26
12028,45 EAST 74TH STREET,BUILDING,6
12030,ACE HOTEL NEW YORK,HOTEL,1
12031,295 CENTRAL PARK WEST,BUILDING,24
12032,80 CENTRAL PARK WEST,BUILDING,6
12033,PARK IMPERIAL,BUILDING,6
12034,69-10 YELLOWSTONE BLVD,BUILDING,27
12035,THE RENWICK HOTEL,HOTEL,17
12036,146-05 HILLSIDE AVENUE,BUILDING,27
12037,495 AMSTERDAM AVENUE,BUILDING,6
12038,5 HARRISON STREET CONDOMINIUM,BUILDING,6
12039,28 HUBERT STREET,BUILDING,6
12040,THE ELSER HOTEL MIAMI,HOTEL,1
12041,CANNON POINT SOUTH,BUILDING,26
12042,53 WARREN STREET,BUILDING,6
12043,475 CLERMONT AVENUE,BUILDING,27
12044,239 CENTRAL PARK WEST,BUILDING,27
12045,PESTANA CR7 TIMES SQUARE,HOTEL,1
12046,PESTANA MIAMI SOUTH BEACH,HOTEL,1
12047,EAST NY INDUSTRIAL & SAFETY SUPPLIES INC.,BUSINESS,1
12048,60 WEST 57TH STREET,BUILDING,26
12049,ARIEL WEST,BUILDING,27
12050,FAENA NEW YORK,HOTEL,1
12051,PESTANA ORLANDO SUITES LAKE BUENA VISTA,HOTEL,1
12052,THE BROOKLYN HOTEL,HOTEL,26
12053,SUTTON TERRACE,BUILDING,26
12054,ESSEX SQUEEZE AT EQUINOX RITTENHOUSE,BUSINESS,6
12055,THE CHATHAM,BUILDING,17
12056,LUNA PARK HOUSING CORP,BUILDING,17
12057,KENTON PLACE,BUILDING,27
12058,HILTON GARDEN INN TIMES SQUARE CENTRAL,HOTEL,1
12059,DISTRICT 25 PRE-K CENTER WHITESTONE,BUSINESS,26
12060,EQUINOX SOHO,GYM,6
12061,2 FIFTH AVENUE,BUILDING,1
12062,MOXY NYC DOWNTOWN,HOTEL,1
12063,THE LUCIDA,BUILDING,6
12064,THE CLAYTON ,BUILDING,1
12065,HAMPTON INN FINANCIAL DISTRICT,HOTEL,17
12066,asfdsf - DO NOT ACTIVATE ,,2
12067,BANK STREET COLLEGE OF EDUCATION,BUSINESS,1
12068,Wonder Shoppers Inc,,2
12069,COLUMBIA GRAMMAR & PREPARATORY SCHOOL,BUSINESS,1
12070,EQUINOX HUDSON YARDS,GYM,6
12071,EQUINOX GREENWICH AVENUE,GYM,6
12072,108 EAST 86TH STREET,BUILDING,24
12073,ALTA,BUILDING,26
12074,HOTEL INDIGO FLUSHING,HOTEL,26
12075,10 SULLIVAN STREET,BUILDING,6
12077,819 8TH AVENUE,BUILDING,6
12078,HERITAGE 470 MANHATTAN,BUILDING,26
12080,RESIDENCE INN SECAUCUS MEADOWLANDS,HOTEL,27
12081,544 EAST 86TH STREET,BUILDING,17
12082,THE NORMANDY,BUILDING,27
12083,1725 YORK AVENUE,BUILDING,17
12084,945 FIFTH AVENUE,BUILDING,17
12085,SPRINGHILL SUITES CARLE PLACE GARDEN CITY,HOTEL,26
12086,96 ECKFORD STREET,BUILDING,6
12087,BRENT MATERIAL COMPANY,BUSINESS,1
12088,PARK WEST HOTEL,HOTEL,1
12089,202 WEST 80TH STREET,BUILDING,6
12091,230 WEST 72ND STREET,BUILDING,6
12092,212 8TH AVENUE,BUILDING,6
12093,144 WEST 86TH STREET,BUILDING,24
12094,THE CONDOMINIUM AT WYTHE LANE,BUILDING,6
12095,GOTHAM CLEANERS,BUSINESS,1
12096,HOMEWOOD SUITES BY HILTON CARLE PLACE,HOTEL,26
12097,111 MOTT STREET,BUILDING,6
12098,110 MADISON STREET,BUILDING,6
12099,119 BAXTER STREET,BUILDING,6
12100,33 HENRY STREET,BUILDING,6
12101,402 WEST BROADWAY,BUILDING,6
12102,165 CHRYSTIE STREET,BUILDING,6
12103,175 CHRYSTIE STREET,BUILDING,6
12104,RAY CATENA MERCEDES BENZ FREEHOLD,BUSINESS,1
12105,308 EAST 78TH STREET,BUILDING,6
12106,THE DIANA,BUILDING,6
12107,VIBE BQE FITNESS ,GYM,1
12108,PARK SUTTON,BUILDING,6
12109,229 EAST 21ST STREET,BUILDING,6
12110,BRAVO SITE SERVICES,BUSINESS,6
12111,233 EAST 21ST STREET,BUILDING,6
12112,KIANGA HOUSE HDFC INC,BUILDING,26
12113,165 HUDSON STREET,BUILDING,6
12114,LUNA PARK HOUSING CORPORATION,BUILDING,17
12115,AKA BRICKELL,HOTEL,1
12116,LEGASEA BAR & GRILL,BUSINESS,1
12117,17 EAST 13TH STREET,BUILDING,17
12118,161 CHRYSTIE STREET,BUILDING,17
12119,EQUINOX NOMAD,GYM,6
12120,FOUR SEASONS HOTEL MIAMI,HOTEL,6
12121,THE CHATSWORTH,BUILDING,1
12122,DOWNTOWN CLUB CONDOMINIUM,BUILDING,1
12123,3215 ARLINGTON AVE OWNERS CORP,BUILDING,27
12124,FAIRFIELD INN FINANCIAL DISTRICT,HOTEL,17
12125,THE WARWICK,BUILDING,27
12126,SOMERSET HILLS HOTEL,HOTEL,1
12127,THE FIFTY SONESTA HOTEL NEW YORK,HOTEL,1
12128,55 NORTH MOORE STREET,BUILDING,17
12129,200 WEST 80TH LLC,BUILDING,6
12130,1185 PARK AVENUE,BUILDING,6
12131,CISTO SERVICES,BUSINESS,1
12132,HOLIDAY INN NEWARK INTERNATIONAL AIRPORT,HOTEL,1
12133,THE SPENCE SCHOOL,BUSINESS,1
12134,W TIMES SQUARE HOTEL,HOTEL,6
12135,EAST MIAMI,HOTEL,1
12136,THE PAXTON,BUILDING,6
12137,THE KATIE,BUILDING,6
12138,ROCKWOOD OWNERS CORP,BUILDING,17
12139,GALLERY HOUSE,BUILDING,17
12140,THE WASHINGTON CONDOMINIUM,BUILDING,17
12141,16 EAST 63RD STREET,BUILDING,1
12142,THE LINKS CLUB,BUSINESS,1
12143,165 CHRISTOPHER STREET,BUILDING,24
12144,THE BELGRAVIA,BUILDING,24
12145,LAWRENCE MANOR,BUILDING,26
12146,10 MADISON SQUARE WEST,BUILDING,24
12147,WILLIAMSBURG WHARF,BUILDING,6
12148,LIC MANHATTAN VIEW HOTEL,HOTEL,1
12149,SAINT DAVID'S SCHOOL,BUSINESS,24
12150,235 EAST 10TH STREET,BUILDING,6
12151,84 1ST PLACE,BUILDING,6
12152,THE LEYTON,BUILDING,24
12153,310 LEXINGTON ,BUILDING,24
12154,ELLINGTON HOTEL,HOTEL,1
12155,ONE EAST END AVENUE,BUILDING,6
12156,3612 BROADWAY PARTNERS LLC,BUILDING,17
12157,940 ST NICHOLAS LLC,BUILDING,17
12158,570 WEST 204 LLC,BUILDING,17
12159,227 RIVERSIDE DRIVE,BUILDING,17
12160,251 EAST BROADWAY,BUILDING,17
12161,YOTEL TIMES SQUARE,HOTEL,1
12162,253 EAST BROADWAY,BUILDING,17
12163,510 PARK AVENUE,BUILDING,17
12165,THE WHITE HOUSE,BUILDING,1
12166,THE LANGSTON CONDO,BUILDING,6
12167,THE L GROUP,BUILDING,1
12168,305 WEST 86TH STREET,BUILDING,24
12169,SIXTY DC,HOTEL,1
12170,45 EAST 80TH STREET,BUILDING,6
12171,311 EAST 71ST STREET,BUILDING,6
12172,55 EAST 72ND STREET,BUILDING,24
12173,EQUINOX EAST 44TH STREET,GYM,6
12175,130 WILLIAM,BUILDING,27
12176,136 EAST 79TH STREET,BUILDING,17
12177,ONE PARK POINT,BUILDING,26
12178,124 EAST 72ND STREET,BUILDING,17
12179,1576 THIRD AVENUE,BUILDING,17
12180,231 EAST 34TH STREET,BUILDING,17
12181,233 EAST 59TH STREET,BUILDING,17
12182,293 HAWTHORNE STREET,BUILDING,17
12183,501 WEST 179TH STREET,BUILDING,17
12184,2402 AMSTERDAM AVENUE,BUILDING,17
12185,2404 AMSTERDAM AVENUE,BUILDING,17
12186,316 WEST 107TH STREET,BUILDING,17
12187,320 WEST 108TH STREET,BUILDING,17
12188,57 WEST 8TH STREET,BUILDING,17
12189,515 EAST 87TH STREET,BUILDING,17
12190,520 EAST 87TH STREET,BUILDING,17
12191,88 FORT GREENE PLACE,BUILDING,17
12192,130 EAST 63RD STREET,BUILDING,27
12193,262 MOTT STREET,BUILDING,27
12194,449 WASHINGTON STREET,BUILDING,6
12195,NEUEHOUSE MADISON SQUARE,BUSINESS,1
12196,146-23 HILLSIDE AVENUE,BUILDING,27
12197,147-01 HILLSIDE AVENUE,BUILDING,27
12198,35-11 VERNON BOULEVARD,BUILDING,27
12199,32-15 43RD STREET,BUILDING,27
12200,400 EAST 59TH STREET,BUILDING,24
12201,67 MURRAY STREET,BUILDING,17
12202,330 BLEECKER STREET,BUILDING,6
12203,ARLO WASHINGTON DC,HOTEL,1
12204,585 UNION AVENUE CONDOMINIUM,BUILDING,6
12205,AMAN NEW YORK,HOTEL,1
12206,53 WARREN STREET,BUILDING,6
12207,190 SOUTH 1ST STREET,BUILDING,17
12208,385 1ST AVENUE,BUILDING,24
12209,12 EAST 88TH STREET,BUILDING,27
12210,THE HALCYON,BUILDING,27
12211,THE WEBSTER APARTMENTS,BUILDING,1
12212,THE HEARTWOOD AT VASSAR,HOTEL,27
12213,201 EAST 74TH STREET,BUILDING,6
12214,RIVER LOFTS CONDOMINIUMS,BUILDING,27
12215,THE SEVILLE,BUILDING,6
12216,WINDSOR AT FOREST HILLS,BUILDING,26
12217,770 PARK AVENUE,BUILDING,26
12218,THE ALEXANDER,BUILDING,26
12219,829 PARK AVENUE,BUILDING,26
12220,HOLY CROSS HIGH SCHOOL,BUSINESS,26
12221,SZ&L ORAL SURGERY,BUSINESS,1
12222,EVEN HOTEL LONG ISLAND CITY,HOTEL,1
12223,583-587 BROADWAY CONDOMINIUM,BUILDING,27
12224,35 EAST 68TH STREET,BUILDING,17
12225,62 BEACH STREET,BUILDING,17
12226,138 WEST 19TH STREET,BUILDING,17
12227,46 WHITE STREET,BUILDING,17
12228,131 MERCER STREET,BUILDING,17
12229,250 EAST 31ST STREET,BUILDING,17
12230,78 CHARLES STREET,BUILDING,17
12231,1025 PARK AVENUE,BUILDING,17
12232,26 BEDFORD STREET,BUILDING,17
12233,HOTEL HUGO,HOTEL,1
12234,330 EAST 94TH STREET,BUILDING,17
12235,304-324 EAST 41ST STREET,BUILDING,17
12236,180 THOMPSON STREET,BUILDING,17
12237,88 ESSEX STREET,BUSINESS,24
12238,88 BLEECKER STREET,BUILDING,17
12239,LENOX HOTEL,HOTEL,1
12240,62 NORTH 3RD STREET,BUILDING,6
12241,CONVENT OF THE SACRED HEART,BUSINESS,1
12242,WESTSIDE ORAL SURGERY,BUSINESS,1
12243,HILTON GARDEN INN MELVILLE,HOTEL,26
12244,THE JANE,BUILDING,6
12245,THE OLIVE,BUILDING,6
12246,THE CLAUDIA,BUILDING,6
12247,THE MYLES,BUILDING,6
12248,THE ZOE,BUILDING,6
12249,THE DANIELLE,BUILDING,6
12250,THE CLEO,BUILDING,6
12251,THE JULIEN,BUILDING,6
12252,APOLLO INN,HOTEL,1
12253,THE RILEY,BUILDING,6
12254,136 GRAND STREET,BUILDING,17
12255,MAVERICK CHELSEA CONDO,BUILDING,27
12256,475 FIFTH AVENUE OWNER LP,BUILDING,2
12257,SHERATON LAGUARDIA EAST HOTEL,HOTEL,26
12258,261 BROADWAY,BUILDING,24
12259,243 WEST END AVENUE,BUILDING,24
12260,240 WEST 75TH STREET,BUILDING,24
12261,GREENBRIAR APARTMENT CO,BUILDING,27
12262,"CLEMENTINE APPAREL, INC",GYM,2
12263,LEXINGTON HOUSE,BUILDING,27
12265,545 WEST 110TH STREET CONDOMINIUM,BUILDING,17
12266,1135 PARK AVENUE CORPORATION,BUILDING,17
12267,WESTMINSTER HOUSE,BUILDING,24
12268,SUNNY K REALTY LTD,BUILDING,17
12269,MIT PROPERTIES LLC,BUILDING,17
12270,"IOLE REALTY CO, LLC",BUILDING,17
12271,MORNINGSIDE COURT CONDOMINIUM,BUILDING,17
12272,66 NORTH THIRD STREET CONDOMINIUM,BUILDING,6
12273,THE SHUBERT ORGANIZATION,BUSINESS,6
12274,75 KINGSLAND AVENUE CONDOMINIUM LLC,BUILDING,6
12275,142 NORTH FIRST STREET CONDOMINIUM,BUILDING,6
12276,515 CONDOMINIUM LLC,BUILDING,6
12277,353 EAST 72ND STREET,BUILDING,27
12279,THE ROCKAWAY HOTEL,HOTEL,26
12280,HILTON KANSAS CITY COUNTRY CLUB PLAZA,HOTEL,1
12281,COURTYARD BOSTON BILLERICA,HOTEL,1
12282,282 EAST 22ND STREET,BUILDING,6
12283,HILTON CLUB WEST 57TH STREET,HOTEL,17
12284,HAYES STREET HOTEL,HOTEL,2
12285,HAMPTON INN BOSTON LOGAN AIRPORT,HOTEL,2
12286,THE YALE CLUB OF NEW YORK CITY,HOTEL,1
12287,250 WEST 96TH STREET,BUILDING,17
12288,THE WATERFORD,BUILDING,24
12289,JON COR REALTY CO LLC,BUILDING,6
12290,329 REALTY CO LLC,BUILDING,6
12291,JP FELDMAN CO LLC,BUILDING,6
12292,WYTHE PROPERTIES LLC,BUILDING,6
12293,BFC EAST HARLEM LLC,BUILDING,6
12294,GENC REALTY LLC,BUILDING,6
12295,TRIM MANAGEMENT LLC,BUILDING,6
12296,BFC ATLANTIC LLC,BUILDING,6
12297,LENOX POWELL ASSOCIATES LLC,BUILDING,6
12298,FREEMAN SIMPSON LLC,BUILDING,6
12299,GERARD MANOR CORP,BUILDING,6
12300,GRAND SLAM CORP,BUILDING,6
12301,PINE TOP CORP,BUILDING,6
12302,BRAVE FRONT CORP,BUILDING,6
12303,HOTEL HAYDEN,HOTEL,1
12304,THE ARCADIA CONDOMINIUM,BUILDING,26
12305,5015 39TH STREET,BUILDING,26
12306,505 WEST END AVENUE,BUILDING,27
12307,SHOU SUGI BAN HOUSE,BUSINESS,2
12308,580 CARROLL CONDOMINIUM,BUILDING,6
12310,THE MIRABEAU,BUILDING,6
12311,THE SMITH CONDOMINIUM,BUILDING,26
12312,CLUB FASANO FIFTH AVENUE,HOTEL,1
12313,MOISE SAFRA CENTER,BUSINESS,24
100200,FRANKLIN COUNTY SCHOOL DISTRICT,BUSINESS,2
